mc_run_id,grouping,mean_ghgs,mean_land,mean_watscar,mean_eut,mean_ghgs_ch4,mean_ghgs_n2o,mean_bio,mean_watuse,mean_acid,sd_ghgs,sd_land,sd_watscar,sd_eut,sd_ghgs_ch4,sd_ghgs_n2o,sd_bio,sd_watuse,sd_acid,n_participants,sex,diet_group,age_group
1,fish_female_20-29,5.421821387,8.612771514,14165.8624,23.94537171,1.164642536,0.343663411,476.2704126,679.923479,23.43919564,2.043121433,3.811792159,5411.942852,8.167012875,0.632546604,0.146826588,283.8834281,249.4725631,8.231175865,1329,female,fish,20-29
1,fish_female_30-39,5.436672807,8.680248379,15222.77063,24.30526207,1.154117567,0.326867703,467.9232013,709.3437853,24.16626004,1.92597713,3.527833768,5761.698432,8.467858208,0.601941235,0.130298439,270.2471078,277.9272693,7.947014179,2024,female,fish,30-39
1,fish_female_40-49,5.289333494,8.467722706,15818.80068,24.19110506,1.108404229,0.310324002,438.6598318,707.9253678,24.59769962,1.781471186,3.093304531,5929.50225,8.107006442,0.572941349,0.119871911,252.4150633,275.7605148,8.103588914,1689,female,fish,40-49
1,fish_female_50-59,5.169020338,8.219198702,16962.06009,24.74815398,1.032500992,0.298129957,395.7876223,720.8251053,25.0046366,1.749271151,3.103613487,7230.767144,9.51402758,0.509688502,0.104731326,209.5667218,310.4224454,8.712428115,946,female,fish,50-59
1,fish_female_60-69,5.38026761,8.570718271,18212.66232,25.5594299,1.098827574,0.310734866,421.1768674,749.3928264,26.04873738,1.96181407,3.664188477,7264.966514,9.258067687,0.609398081,0.113401488,264.5992568,315.9225704,8.616600658,492,female,fish,60-69
1,fish_female_70-79,5.261443442,8.590993404,18956.45472,24.72273712,1.072913689,0.318862305,421.1908924,737.551714,25.28166578,1.706444806,2.9769158,9271.666687,8.669523313,0.511331176,0.106542558,229.0616459,309.8887153,8.423872192,195,female,fish,70-79
1,fish_male_20-29,6.487269591,10.01335938,16576.20716,28.3456298,1.359269751,0.406118298,560.8109576,825.9289259,27.25711881,2.068453833,3.632505293,6841.739234,12.49482477,0.637551188,0.152574766,285.5213347,446.6745311,9.380950479,163,male,fish,20-29
1,fish_male_30-39,5.941806702,9.268371734,16747.50289,26.39279603,1.21494611,0.367507451,504.4426723,775.9340465,25.6767921,2.000732597,3.477489536,6152.59938,9.736168497,0.607283822,0.152547755,269.0681568,332.3144707,8.372291622,412,male,fish,30-39
1,fish_male_40-49,5.827033004,9.242534555,16564.72408,25.88726935,1.207849417,0.344069088,493.4895294,769.6018376,25.17159299,2.17038244,4.003915773,6263.703478,10.88407048,0.680575018,0.129696422,313.4805846,390.2082969,8.74798831,432,male,fish,40-49
1,fish_male_50-59,5.592126639,8.762797277,17075.25806,25.23951642,1.139126123,0.318349289,455.2992041,740.642378,25.19513616,1.938282295,3.219627001,6406.486132,9.082830859,0.59217143,0.10948058,253.3998131,302.5084907,8.707410954,214,male,fish,50-59
1,fish_male_60-69,5.670219693,9.103685951,18422.12594,25.31159039,1.173765462,0.334603188,463.6510308,760.0102593,25.34000326,2.616778426,5.238285577,8187.461608,9.556623649,0.82943441,0.161603613,369.5739839,311.8056155,9.29618197,159,male,fish,60-69
1,fish_male_70-79,5.660791313,9.220472112,20524.53505,26.25438148,1.146796793,0.34402508,446.4773035,778.165674,26.12677758,1.84844363,3.285857787,10485.84754,10.05073457,0.533210093,0.135541879,228.0027287,344.068747,7.621084803,68,male,fish,70-79
1,meat <50_female_20-29,5.927732602,10.27247699,14586.8356,25.38452384,1.276117687,0.399843081,427.7229833,674.5430091,26.13988863,1.79342076,3.704296788,5311.039891,7.861824618,0.529539803,0.154335172,237.1860189,252.2644004,7.916370193,764,female,meat50,20-29
1,meat <50_female_30-39,6.003929979,10.38454727,15752.30409,26.0106382,1.293201035,0.381648848,430.2972202,700.7985444,26.84449348,1.923838631,3.820882226,5726.490505,8.255824108,0.587542494,0.128569146,258.7540369,268.56825,8.252205156,1483,female,meat50,30-39
1,meat <50_female_40-49,6.020008047,10.70105987,15996.1005,26.11663501,1.296336064,0.375931451,409.0819818,692.2167493,27.33339739,1.736501366,3.805002795,6259.684342,7.601180101,0.513286218,0.116426001,214.0280831,255.1008014,7.622455082,2093,female,meat50,40-49
1,meat <50_female_50-59,6.01924397,10.74323293,16758.05328,26.46885432,1.284088917,0.371280393,383.1498309,689.8950486,28.29468711,1.722445266,3.84971295,6172.467829,7.648695801,0.506564083,0.119638216,215.0101885,245.547366,7.640335054,1698,female,meat50,50-59
1,meat <50_female_60-69,6.12706664,10.93675087,17389.58465,27.02104594,1.33589011,0.371628594,398.2939691,702.7094683,29.10259898,1.705018198,3.828733261,6405.46803,7.695902432,0.503120373,0.108823345,214.2518794,252.8483195,7.673702416,1047,female,meat50,60-69
1,meat <50_female_70-79,6.108421286,10.84459189,17911.83716,26.59641935,1.336771705,0.37114474,397.095204,688.2086626,28.89372036,1.935202956,4.204375911,6198.269994,7.934232403,0.531318986,0.112283694,208.5642621,230.1008217,8.394529222,381,female,meat50,70-79
1,meat <50_male_20-29,6.619954265,11.2897858,14968.33429,27.00220823,1.468101422,0.455237917,488.69607,698.3133646,27.96469991,1.966831848,3.498857919,5588.079791,7.891656937,0.566627732,0.189165007,275.8570923,256.8332566,8.265571982,131,male,meat50,20-29
1,meat <50_male_30-39,6.535518364,11.04114529,17411.20814,27.96511484,1.416491518,0.417211266,472.9986144,762.6999794,28.73458881,1.934344037,3.722593995,7255.810794,9.832603761,0.552242719,0.149922481,239.3586775,298.9267665,8.795262487,370,male,meat50,30-39
1,meat <50_male_40-49,6.420751375,11.14559807,17236.3619,27.05329439,1.388113312,0.394036888,448.139442,731.242473,28.48512582,1.985006308,4.061079451,7837.986485,7.811728489,0.620834988,0.12766338,267.6882397,287.4480083,8.100317459,448,male,meat50,40-49
1,meat <50_male_50-59,6.352414318,11.2536507,16751.07746,26.93328193,1.383757075,0.393446762,432.1385594,700.6082022,28.74121128,1.661312988,3.682279505,5738.834566,6.953856686,0.517367894,0.125952223,212.0155311,219.1386375,7.653890942,410,male,meat50,50-59
1,meat <50_male_60-69,6.367314503,11.52963215,17426.86754,27.23321502,1.388543466,0.394713792,424.7647744,705.6029088,28.6753189,1.888730536,4.245456247,7300.313611,8.653986324,0.556506774,0.119308967,238.1432146,295.3198968,7.788732764,364,male,meat50,60-69
1,meat <50_male_70-79,6.599423491,11.86679413,18302.94332,27.81293515,1.464342527,0.397471401,457.4357929,717.1649465,29.79081426,1.930426724,4.412684387,7620.643342,7.134230011,0.569980535,0.128780599,244.1823852,237.0310152,7.738303489,143,male,meat50,70-79
1,meat 100+_female_20-29,11.87982462,26.5937847,21469.34811,42.65742903,2.54907471,0.843815088,512.5572288,902.7793219,46.08074615,3.949201021,13.11549885,5817.572997,11.3954986,0.988416878,0.248847603,220.4330605,249.194241,11.60041227,393,female,meat100,20-29
1,meat 100+_female_30-39,11.96845884,27.65542255,22011.58689,42.67007988,2.551939352,0.829262613,503.963325,900.8280981,46.11145194,4.06952495,13.68271088,5982.879632,11.36927885,0.969170046,0.251929503,226.1742752,252.8239523,11.28681799,778,female,meat100,30-39
1,meat 100+_female_40-49,12.92020942,31.57615902,21421.82316,43.87783905,2.772763338,0.85498839,494.4261061,867.5391951,48.23620362,4.320770422,14.93651716,5841.584029,11.3038627,0.995965283,0.249623656,200.1538326,244.9397513,11.52490467,1935,female,meat100,40-49
1,meat 100+_female_50-59,13.19977934,32.78808039,21816.69024,44.50445662,2.82428201,0.851622393,484.7749644,867.208198,49.2860059,4.175231777,14.62104623,6095.065531,10.73636616,0.970885482,0.235869476,208.6660309,235.9983481,11.22181931,1753,female,meat100,50-59
1,meat 100+_female_60-69,13.08482787,32.4828116,22444.91488,44.16969328,2.79216603,0.842137032,467.0687205,865.9825863,49.18348422,4.931735388,17.43909524,6290.634317,11.99720712,1.079602089,0.271287905,187.9614277,245.5310412,12.16187508,843,female,meat100,60-69
1,meat 100+_female_70-79,13.63538381,33.99887723,23793.60493,45.32490569,2.983679079,0.877619201,489.6386682,891.9966001,50.89834855,5.962177499,20.45013979,6913.213558,13.44608301,1.401391984,0.318705508,228.4349947,272.992415,14.81822328,274,female,meat100,70-79
1,meat 100+_male_20-29,13.81312707,30.71968273,24597.11697,50.66212956,3.108397081,0.999484066,544.2991415,996.3734283,54.63428239,4.848524669,15.59259193,8389.711124,14.41476635,1.250704581,0.330078527,206.7233157,281.0362689,15.98718705,132,male,meat100,20-29
1,meat 100+_male_30-39,12.70730784,28.86721482,23800.31181,46.87250598,2.750326514,0.903863676,515.881672,953.4546583,48.56600271,4.490043242,15.0702433,7899.750699,12.89952992,1.084565735,0.270011794,191.8830645,302.1641212,13.16824616,260,male,meat100,30-39
1,meat 100+_male_40-49,13.06543515,31.10944058,21988.80118,45.97584842,2.863740012,0.888740102,518.8295165,879.9493963,48.80054836,4.017232013,13.62551275,6212.002039,11.26033036,0.95151569,0.24250213,241.453944,230.0717624,11.22843879,616,male,meat100,40-49
1,meat 100+_male_50-59,13.24867111,32.09084684,22295.75055,45.89379751,2.892454564,0.875168456,510.7961688,884.8896982,49.31985734,4.417628036,14.85750214,6610.329402,12.41443701,1.063594917,0.26130184,229.5598765,235.4567863,12.39458688,591,male,meat100,50-59
1,meat 100+_male_60-69,12.93791425,31.36595316,23606.18896,45.35140156,2.848961205,0.865854481,510.7172617,904.9538375,48.54197202,4.278353116,14.80983429,8255.060734,11.57149249,0.965631588,0.252403407,203.5337422,257.9512492,11.18900219,543,male,meat100,60-69
1,meat 100+_male_70-79,13.96658592,34.90092963,24031.79369,47.13147831,3.076268096,0.927705985,544.2077678,914.2897468,50.5380814,5.854060973,20.90103516,6537.160488,12.92059917,1.278991311,0.334366935,236.4558066,225.2680377,13.78815394,168,male,meat100,70-79
1,meat50-99_female_20-29,7.746265567,14.6941552,17492.97153,31.73216064,1.635995766,0.544185482,439.4014837,769.7252477,33.13721917,2.123724731,6.239667902,5409.271579,8.047393286,0.60530599,0.15580061,204.7003795,243.5687714,7.936958951,669,female,meat,20-29
1,meat50-99_female_30-39,7.892923291,15.32398657,18159.31507,31.89561291,1.680040859,0.53948481,433.050281,770.0044908,33.77881208,2.204914853,6.801021719,5529.314623,8.242896218,0.59287736,0.151488095,190.8074076,249.3602618,7.93590963,1350,female,meat,30-39
1,meat50-99_female_40-49,8.249566897,16.90480421,18132.60161,32.3645383,1.766553831,0.542400054,432.0321477,753.0304344,34.9239736,2.407103673,7.570103205,5494.238312,8.053734676,0.644156044,0.152209882,217.6751056,236.5438126,8.042239418,2710,female,meat,40-49
1,meat50-99_female_50-59,8.249341825,17.13611951,18438.0567,32.54760795,1.752862361,0.529801019,410.5866931,746.4304128,35.53653605,2.561806192,8.465797577,5445.947197,7.921981215,0.65589869,0.148067272,203.4050783,230.0285806,8.060953097,2682,female,meat,50-59
1,meat50-99_female_60-69,8.116916563,16.46668953,19636.04294,32.62830103,1.727468416,0.524725461,406.7972239,761.8577122,35.7930088,2.418149066,8.04867747,6035.177011,7.87412452,0.610583698,0.144112694,184.022604,229.7916996,8.038340935,1456,female,meat,60-69
1,meat50-99_female_70-79,8.278411164,17.07779343,20538.54469,33.25561015,1.771180898,0.542553023,421.2104872,777.1724097,35.89136534,2.608942896,8.859791416,6858.758016,7.799299125,0.667762706,0.151964125,185.0220511,239.0553687,8.312086947,450,female,meat,70-79
1,meat50-99_male_20-29,8.335811008,15.04036845,19135.66122,33.93167315,1.797806583,0.5990488,499.5812779,839.1281022,35.45135709,2.175467745,5.383172089,8085.107075,8.688301137,0.629474348,0.20061665,280.0437002,300.2002945,8.460894433,151,male,meat,20-29
1,meat50-99_male_30-39,8.367336938,15.72744329,19641.14412,34.19644725,1.818297573,0.577970606,480.4283863,832.127496,36.02211939,2.269447199,6.101505894,6534.140414,8.942549531,0.670208775,0.164047676,250.6932632,296.0523005,9.23770222,304,male,meat,30-39
1,meat50-99_male_40-49,8.615127559,17.5020716,18183.43148,33.41001508,1.878015883,0.577753589,471.9890184,760.0485895,35.90714498,2.469739232,7.498848026,5564.111326,7.828028191,0.651094007,0.169851283,232.8786908,222.8056751,8.080429517,663,male,meat,40-49
1,meat50-99_male_50-59,8.489272366,17.56832473,18800.44243,33.23689456,1.832431262,0.5574205,438.0019507,765.3182981,35.60713711,2.552947607,8.163975461,6161.196758,7.948954658,0.666099016,0.166883013,212.872355,227.1740471,8.392593601,671,male,meat,50-59
1,meat50-99_male_60-69,8.522166874,17.81150472,19308.47972,33.54465059,1.839610649,0.55286991,436.7650648,762.2428413,35.96166732,2.43779171,8.16947228,6856.3153,8.200869794,0.605199125,0.14926748,186.4613882,241.1934747,8.123683025,634,male,meat,60-69
1,meat50-99_male_70-79,8.829175328,19.00120476,20198.31942,34.19259858,1.944884878,0.575594689,457.1164092,763.8226215,35.85721957,2.835314543,9.526069572,6165.972249,7.869425886,0.714410457,0.160968374,196.6259342,214.4502193,8.203842088,231,male,meat,70-79
1,vegan_female_20-29,2.541268096,4.511987511,12097.03978,13.58502085,0.149922805,0.187330091,111.4968046,465.2156005,11.90249669,1.017455894,1.72173773,7027.250628,7.866522615,0.165632282,0.075424001,79.24157115,321.5275781,5.630281259,487,female,vegan,20-29
1,vegan_female_30-39,2.732454432,4.764953233,12908.65359,14.76078524,0.166075573,0.200734531,124.7847963,501.0900113,12.8700979,1.096755948,1.895225161,5822.110652,8.717365293,0.201572647,0.088829887,97.53324694,324.8725739,5.825895101,376,female,vegan,30-39
1,vegan_female_40-49,2.927155068,5.227145273,14629.19161,16.05493212,0.20434058,0.21272685,141.0590361,560.3499935,14.11253575,1.393695501,2.302403643,9073.345742,11.31026172,0.282741288,0.119361827,143.8627583,447.4413518,7.162201885,219,female,vegan,40-49
1,vegan_female_50-59,2.556765295,4.933701114,15371.64635,13.39820116,0.134477599,0.191948419,111.9652267,500.2629554,12.85975193,0.933504116,1.83383969,10710.17715,6.073043913,0.144506846,0.064409762,58.95444813,310.8708838,5.503460549,106,female,vegan,50-59
1,vegan_female_60-69,2.709968872,5.351304306,16597.6277,14.16453739,0.144258411,0.201545204,120.8203972,517.1388773,13.66974587,1.190619038,2.596329251,11112.58226,7.603477249,0.19629489,0.076971529,83.85748687,322.3524783,6.517302559,81,female,vegan,60-69
1,vegan_female_70-79,3.037841964,5.322582128,16619.17539,16.77942485,0.192232059,0.209612739,134.9016315,595.3435592,14.70171886,1.387877726,2.711842592,7823.921248,9.850389789,0.178042431,0.079169202,73.0724013,339.4022826,7.836626407,25,female,vegan,70-79
1,vegan_male_20-29,3.095735085,5.276327486,14581.05296,15.5259383,0.191404632,0.220706203,126.2593371,536.8421024,13.96143919,1.484022613,2.591340758,7064.870507,8.010999265,0.443387281,0.127419412,76.84116018,297.9114386,7.692093525,198,male,vegan,20-29
1,vegan_male_30-39,2.884553621,4.933717057,14792.43839,14.99560765,0.151757967,0.196880945,118.6170959,531.971048,13.64126016,1.055987582,1.969310011,8525.19174,8.218912156,0.134316171,0.077412581,69.80718212,327.8324084,5.588839878,251,male,vegan,30-39
1,vegan_male_40-49,2.901077667,5.019157857,14866.13291,15.62518537,0.154060883,0.206870972,123.9004034,554.8318758,13.88138679,1.15594297,1.834797532,8331.331549,9.595373209,0.170544417,0.086453666,85.16258353,382.0426727,6.363477576,165,male,vegan,40-49
1,vegan_male_50-59,2.594267679,4.786076048,14527.06744,13.6908184,0.14699449,0.188691915,112.3318755,471.0458541,12.44242109,0.767650154,1.785682502,6181.368583,6.207912071,0.130634927,0.060103351,62.47125557,206.7651027,3.869426794,62,male,vegan,50-59
1,vegan_male_60-69,2.64879814,4.977209586,18656.48077,14.89294505,0.113757834,0.200283395,112.9035562,595.4867161,13.96092551,0.944070212,2.059487919,12090.98189,9.477646709,0.067728986,0.080020398,56.48768344,448.1274473,5.561304323,52,male,vegan,60-69
1,vegan_male_70-79,2.796317322,4.89043135,16497.81153,15.73247839,0.164211629,0.198185253,114.9310734,568.1544685,14.01718908,0.85181515,1.757358284,7829.947527,7.236075108,0.198792789,0.069742209,56.16186636,305.9306039,5.003520879,19,male,vegan,70-79
1,veggie_female_20-29,5.044961397,8.595095479,11373.04807,19.64906938,1.153817772,0.319762163,501.7626373,561.6202575,21.24464238,1.932231705,3.591317439,4774.678107,6.863972052,0.627888508,0.142062851,292.5014613,221.1281256,7.707906311,3752,female,veggie,20-29
1,veggie_female_30-39,5.013051243,8.592246129,12383.62599,19.93911838,1.127445625,0.306810585,486.7192935,581.8329618,21.86852734,1.860565136,3.432858262,5096.744177,6.704379853,0.61965868,0.132396788,281.155508,226.6851733,7.620039681,3634,female,veggie,30-39
1,veggie_female_40-49,4.923634992,8.53474324,13148.58695,20.01537118,1.090537939,0.287757134,461.3308569,589.9121733,22.2897797,1.842538602,3.41284626,5823.928622,6.847081361,0.608673933,0.11778365,272.7203823,233.9081146,7.932312018,2696,female,veggie,40-49
1,veggie_female_50-59,4.78945956,8.317550857,14239.46527,19.89408556,1.02723123,0.275825867,429.1507659,596.5714896,22.6413873,1.794010751,3.24298828,6581.327711,7.160799386,0.598909712,0.110689813,261.9298441,252.931641,8.044186207,1203,female,veggie,50-59
1,veggie_female_60-69,4.939143092,8.501173667,15360.88945,20.35890007,1.073937469,0.281496327,444.8194287,621.139223,23.45809946,1.922119928,3.384203509,7484.709639,7.811806856,0.620052106,0.106362733,279.4728906,290.8885625,8.382730707,536,female,veggie,60-69
1,veggie_female_70-79,5.090923037,8.933203779,16603.9833,19.95210973,1.146737892,0.303197347,487.864266,632.7394091,23.32803716,1.969476573,3.656430523,7384.20129,6.419166232,0.684386345,0.11375059,313.5465699,242.4875115,7.874107126,289,female,veggie,70-79
1,veggie_male_20-29,5.883936267,9.788368226,13347.2568,21.84219845,1.364753575,0.369721229,594.2691075,647.6116609,23.90390412,2.44647935,4.302293286,6543.21791,7.229110837,0.818558986,0.175596684,382.257759,246.7730598,8.92536646,646,male,veggie,20-29
1,veggie_male_30-39,5.672870907,9.456494862,13633.85359,21.43742953,1.26838185,0.351301022,557.0642639,631.5219366,23.84389744,2.342888229,4.032131568,6176.29794,7.979753566,0.776680032,0.170775355,359.213165,270.6671302,9.2493787,1221,male,veggie,30-39
1,veggie_male_40-49,5.342407752,9.025832428,14281.28437,20.96099603,1.16060824,0.317284412,500.8823966,628.730439,22.9966137,2.106217811,3.854693748,6469.96228,7.170865367,0.70394851,0.147335731,319.167991,248.5098958,8.300583884,961,male,veggie,40-49
1,veggie_male_50-59,5.046417062,8.766393566,14520.83342,19.71753101,1.078272495,0.298640627,461.4393591,590.4620162,22.18702325,2.010152011,3.874642607,5508.68946,6.842809621,0.659479934,0.128335843,293.5093916,218.4918511,7.953267386,426,male,veggie,50-59
1,veggie_male_60-69,5.084723451,8.897775021,15893.02546,20.31730309,1.081338818,0.305072999,468.4755566,627.6457582,22.66580122,2.056525436,3.705166209,7849.044006,8.956925019,0.660436272,0.122882929,296.4616483,335.9252704,8.234124648,229,male,veggie,60-69
1,veggie_male_70-79,5.392095299,9.438523264,17470.86392,20.57051031,1.210436072,0.322053654,525.6727802,652.6069805,23.29572716,2.396662495,4.368379092,11364.06991,7.569441268,0.838273257,0.13251962,380.3797194,330.2626017,8.703781397,158,male,veggie,70-79
2,fish_female_20-29,4.428025171,6.842433501,15399.48381,23.44381885,0.751939852,0.316826593,257.0347927,845.7187134,22.61499957,1.44872881,2.39264954,5401.565124,7.970344462,0.343161845,0.15258644,133.1086166,455.6884199,8.080467354,1329,female,fish,20-29
2,fish_female_30-39,4.445390459,6.863940941,15683.35856,23.4313769,0.732944145,0.306617356,259.0113554,819.8863051,23.15209027,1.37457408,2.247591154,5125.070809,7.999175877,0.31620616,0.137969893,129.9867632,430.7228177,7.749500679,2024,female,fish,30-39
2,fish_female_40-49,4.487860844,6.957114921,15906.34014,23.23726849,0.745767469,0.308503511,276.4319192,788.0590146,23.54569894,1.437996363,2.304129353,5275.99062,7.780222046,0.349309767,0.172683495,157.4888229,434.1436951,8.117449419,1689,female,fish,40-49
2,fish_female_50-59,4.576403514,6.967915359,16643.28471,23.90922374,0.753102301,0.304615532,282.2799636,822.1563166,24.03226602,1.551366078,2.248962557,6004.73247,9.446373763,0.358268204,0.15128746,148.2908938,498.7235481,8.826683153,946,female,fish,50-59
2,fish_female_60-69,4.699627657,7.251238098,17643.23115,24.55052982,0.795204709,0.322569539,298.1682624,855.4279062,24.58878003,1.48079823,2.401922107,6092.689247,8.893004652,0.357731621,0.143438601,156.8535377,498.0525063,8.581978052,492,female,fish,60-69
2,fish_female_70-79,4.635637842,7.223385112,18046.21137,23.74405903,0.772899088,0.341096322,294.6589764,807.0346899,23.61532971,1.597949753,2.477222381,6103.757486,8.787765499,0.362382095,0.182255729,169.1022475,439.1220768,8.742987097,195,female,fish,70-79
2,fish_male_20-29,5.087122014,7.723894506,16893.36502,27.66914773,0.813036674,0.352800009,265.6702227,920.5015985,25.75709094,1.648961582,2.573115554,5966.488688,11.32633572,0.353204035,0.17696185,148.4495807,508.276031,8.74123184,163,male,fish,20-29
2,fish_male_30-39,4.759447029,7.43382125,16300.35084,25.69673343,0.737797398,0.318712584,253.5549305,889.010904,24.39096996,1.470053878,2.555172695,5508.567816,9.081958465,0.336411419,0.131358459,137.4906998,526.2446639,8.213636602,412,male,fish,30-39
2,fish_male_40-49,4.681114878,7.143644272,16291.18998,24.83401197,0.728937673,0.313260925,246.5503275,817.7298422,23.75308549,1.462012744,2.428791324,5196.650699,9.642525779,0.314303173,0.126650523,120.7809243,428.3115688,8.286447179,432,male,fish,40-49
2,fish_male_50-59,4.688015271,7.044369475,16630.51266,24.38739922,0.737174484,0.313276753,266.0680704,819.1022265,24.0576467,1.516237836,2.10827181,5843.502098,8.613567309,0.34140397,0.150753982,128.9617143,455.3443791,8.540173514,214,male,fish,50-59
2,fish_male_60-69,4.779983187,7.317518424,17348.94135,24.42294831,0.780143147,0.347003512,296.5744678,837.4998189,23.88089825,1.672579097,2.6681838,6496.645281,9.927753896,0.43744586,0.206624149,169.1815569,460.6543786,8.938697792,159,male,fish,60-69
2,fish_male_70-79,4.924783975,7.576396022,18461.89324,25.74865103,0.816965638,0.344917578,295.4738106,830.5188231,24.8009108,1.555582416,2.355669138,7570.467007,10.74449283,0.361901788,0.165255453,137.7480437,422.0117404,8.025503628,68,male,fish,70-79
2,meat <50_female_20-29,4.766742623,7.420713068,15279.44374,25.07072573,0.900912295,0.342172774,267.283437,813.5105353,24.64842188,1.376536946,2.317591328,4859.774527,7.580227381,0.328262237,0.136954314,132.0822962,397.5228151,7.812261159,764,female,meat50,20-29
2,meat <50_female_30-39,4.856938922,7.42436214,16039.43264,25.44342239,0.905622464,0.341480167,268.1843695,811.9320976,25.43310696,1.498704714,2.269430038,5197.672067,7.992798701,0.360985211,0.16342599,145.2052041,402.9708047,8.213978957,1483,female,meat50,30-39
2,meat <50_female_40-49,4.945881155,7.583968546,16370.14534,25.7193075,0.948693621,0.346799748,275.2812229,806.1328904,25.76467901,1.398212695,2.258905204,4859.47339,7.530402711,0.347651295,0.165987015,147.445396,380.0974305,7.686163693,2093,female,meat50,40-49
2,meat <50_female_50-59,5.07343034,7.66739727,17268.27022,26.40594632,0.99879511,0.35055442,283.6212447,847.3433802,26.7373586,1.379311336,2.249129428,5103.241658,7.724648428,0.349230387,0.143440852,142.4668805,409.4609194,7.803538089,1698,female,meat50,50-59
2,meat <50_female_60-69,5.186166976,7.929697738,17789.17496,26.95661601,1.039807603,0.358884087,289.8160232,848.1326209,27.48265424,1.402752399,2.300772322,5236.391015,7.78554009,0.345069375,0.160105823,140.1815523,395.9257753,7.824418525,1047,female,meat50,60-69
2,meat <50_female_70-79,5.074112164,7.752370733,18588.44947,26.41293128,1.024674578,0.352497555,280.672507,842.3813509,26.82989225,1.46257641,2.385715309,5589.556105,8.203423252,0.359284334,0.143052431,123.5360008,389.5524375,8.220086791,381,female,meat50,70-79
2,meat <50_male_20-29,5.02347507,8.104087029,15299.58114,26.55531131,0.95233832,0.351956308,261.4065497,805.7303323,25.60101124,1.358147394,2.47986969,4641.360311,7.901221838,0.304359466,0.103933175,145.4366333,446.7265254,8.074448547,131,male,meat50,20-29
2,meat <50_male_30-39,5.194762053,8.023165798,16918.07815,27.67085245,0.960974964,0.364905016,269.6746308,875.3927365,26.84971484,1.601603486,2.599177932,6068.708321,10.17951135,0.373838289,0.148809641,137.7337774,541.3844006,8.842982634,370,male,meat50,30-39
2,meat <50_male_40-49,5.11783725,7.772082037,16566.00469,26.48157356,0.952847259,0.349532933,255.9070783,809.453833,26.48139964,1.352570884,2.471781188,5289.787998,7.696049326,0.345244691,0.137609671,129.5017068,393.3849823,7.764170868,448,male,meat50,40-49
2,meat <50_male_50-59,5.254956649,8.063507339,17018.06925,26.71020769,1.018118083,0.376582407,292.0588393,832.6655298,27.09219418,1.437660911,2.308496673,4537.37269,7.021351292,0.387187813,0.207339367,167.8424362,382.5572477,7.701479542,410,male,meat50,50-59
2,meat <50_male_60-69,5.163977553,8.030196556,17738.59598,26.96692206,1.021994265,0.376734611,289.8028498,863.3030637,26.64787358,1.480831873,2.3579898,5552.860141,8.779363191,0.345584371,0.181736974,155.2310087,522.1795081,7.802656386,364,male,meat50,60-69
2,meat <50_male_70-79,5.361578243,8.331732123,18695.90667,27.5968669,1.07435133,0.380325984,295.1811507,843.4946075,27.68366971,1.344905938,2.62514365,5660.889136,7.049341847,0.334623293,0.14012151,130.3743148,354.1908705,7.659359841,143,male,meat50,70-79
2,meat 100+_female_20-29,8.274415637,12.68647363,23401.55326,42.42655479,1.919352024,0.645655082,334.1181445,1118.797934,39.78894024,2.004555623,3.795110662,6771.709554,11.39846609,0.709871174,0.249332272,162.0157132,440.5875223,10.51564659,393,female,meat100,20-29
2,meat 100+_female_30-39,8.291450417,12.94718875,24153.64631,42.56446235,1.962539659,0.644795249,321.6807312,1109.796795,39.01031166,1.979675884,4.111956307,6566.058642,11.63286638,0.684447626,0.226731227,129.4882727,427.0935925,8.911608634,778,female,meat100,30-39
2,meat 100+_female_40-49,8.594136798,13.84039035,25236.88755,43.77157021,2.157180906,0.688509926,340.7845089,1103.887755,38.80574681,2.043299758,4.163285109,6675.135389,11.65549947,0.736253441,0.245544375,140.6281896,455.5985744,9.204166922,1935,female,meat100,40-49
2,meat 100+_female_50-59,8.822994637,14.31155141,26315.35246,45.01956917,2.246487242,0.707305051,348.0892109,1123.837366,39.55217043,2.010522102,4.195931264,6621.71889,11.15452155,0.715459218,0.244737169,140.4503691,383.1624653,9.604651136,1753,female,meat100,50-59
2,meat 100+_female_60-69,8.761086389,14.29437697,26959.85415,44.99263974,2.243737005,0.699329875,352.7507906,1132.838913,39.28057721,2.183506717,4.501844038,7176.007789,12.6580259,0.796569876,0.263580555,140.735761,412.2955334,9.93285577,843,female,meat100,60-69
2,meat 100+_female_70-79,9.058908191,15.0440683,28409.96738,46.10024893,2.372163217,0.746777992,352.4071623,1126.792764,39.96117475,2.511500622,5.209373866,8318.890772,13.24023121,1.004649253,0.297372146,129.0447704,397.7582965,10.31297994,274,female,meat100,70-79
2,meat 100+_male_20-29,9.661470069,15.24361496,25636.83664,50.63134232,2.348910557,0.77530157,359.8944113,1201.639259,44.78783034,2.586931403,5.056870768,8308.917472,15.51138629,0.854147535,0.299910396,149.4178947,488.8538561,12.08423012,132,male,meat100,20-29
2,meat 100+_male_30-39,8.987972383,14.51588787,24760.51071,46.68056941,2.10432708,0.716400784,335.8539844,1154.048498,40.66314131,2.481920411,5.143690137,7208.314223,12.97407491,0.811085467,0.271231567,150.7573898,472.1647484,10.90744665,260,male,meat100,30-39
2,meat 100+_male_40-49,8.923046391,14.75584344,24889.45984,46.00699447,2.179164127,0.716453658,321.1426093,1070.861843,39.55497204,2.143621134,4.636949022,6203.742869,12.08547806,0.704916164,0.233379143,122.8835153,356.1368571,8.970962752,616,male,meat100,40-49
2,meat 100+_male_50-59,9.005128859,14.92046705,26293.32829,46.40483777,2.232472467,0.723324752,333.2722443,1116.43387,39.97633428,2.28098039,4.749573314,7149.887637,12.09783468,0.769321278,0.279387071,140.2526002,380.6686169,9.443060815,591,male,meat100,50-59
2,meat 100+_male_60-69,8.877316189,14.93107607,27061.78463,46.44341123,2.226582877,0.738797756,342.0557367,1125.899122,39.60092665,2.153476083,4.84636614,6903.451042,12.33948006,0.717196301,0.250052113,144.9262612,387.3328499,9.705259073,543,male,meat100,60-69
2,meat 100+_male_70-79,9.171771508,15.67217064,28938.87064,47.82980591,2.363342955,0.772865802,335.0329325,1153.774534,39.29668485,2.373564435,5.712709171,7803.219642,12.92674036,0.923625048,0.287651791,118.1830935,362.2654102,9.31111851,168,male,meat100,70-79
2,meat50-99_female_20-29,6.071649505,8.917577587,17967.95501,31.72509872,1.23237982,0.441435354,287.5623239,949.8305823,31.50472962,1.463356645,2.47054954,5223.597019,8.29277928,0.423539738,0.192192168,145.092441,421.343239,8.216452906,669,female,meat,20-29
2,meat50-99_female_30-39,6.126485147,9.150981894,18428.34368,31.6972596,1.274618747,0.438110779,291.7481074,931.8116743,31.63538984,1.395961459,2.431212497,4910.558054,8.004452002,0.421928992,0.175872986,135.4049057,401.5999123,7.970487365,1350,female,meat,30-39
2,meat50-99_female_40-49,6.289444638,9.547694038,19175.92272,32.34052488,1.360091705,0.453406447,295.3161569,932.1169114,32.07969787,1.394747369,2.496615936,5078.826591,8.024521479,0.427979113,0.158651474,128.2238997,386.2741489,8.230918503,2710,female,meat,40-49
2,meat50-99_female_50-59,6.407296332,9.676204972,19873.55578,32.95266751,1.408178238,0.463955122,308.6543878,933.1630872,32.58779748,1.426971892,2.570800048,5062.370254,7.899122582,0.455442575,0.172739392,132.7611621,368.4502448,8.206141249,2682,female,meat,50-59
2,meat50-99_female_60-69,6.412443499,9.701460453,20827.38166,33.28453203,1.404189929,0.461645122,314.1561613,974.4600209,33.05981558,1.458326139,2.641752904,5218.02732,8.081014681,0.438942499,0.183261196,142.9018306,397.5308614,8.379877169,1456,female,meat,60-69
2,meat50-99_female_70-79,6.449237925,10.0965127,21374.76803,33.67475713,1.421484822,0.488111599,323.9348783,942.7224835,32.44150181,1.514630686,3.08608132,5662.160984,7.88580572,0.48799501,0.209892687,150.9626692,342.5257328,8.464210051,450,female,meat,70-79
2,meat50-99_male_20-29,6.497149795,9.620555155,18342.01766,34.25269099,1.310948064,0.460508843,292.5107404,990.9662791,33.05350235,1.429672958,2.783993175,5225.636686,8.815473111,0.404350915,0.173189423,151.2131166,468.9515761,8.962363259,151,male,meat,20-29
2,meat50-99_male_30-39,6.617421555,10.05939716,18997.25591,34.35467347,1.358126086,0.488404783,306.9054971,991.6143115,33.45586732,1.635915875,2.791193715,5246.919259,9.006113168,0.443601101,0.186485855,154.6451421,499.7747578,9.402102013,304,male,meat,30-39
2,meat50-99_male_40-49,6.505798728,10.18901668,19256.80985,33.63220692,1.389271784,0.475548633,288.2757399,905.7036902,32.37258757,1.455692666,2.860859566,4798.076152,8.026734585,0.41515316,0.169304581,139.9710936,360.8518097,7.980736659,663,male,meat,40-49
2,meat50-99_male_50-59,6.466191982,10.05626061,19761.85596,33.72436766,1.401768937,0.479383451,290.7213636,960.6361211,32.11694883,1.432604928,2.701531086,4877.496801,8.234085425,0.444842033,0.170807921,125.2791186,451.8961947,7.98641748,671,male,meat,50-59
2,meat50-99_male_60-69,6.500077448,10.21056501,20668.35138,34.19007078,1.434563529,0.480500443,302.3354052,963.8688342,32.20662266,1.488387064,2.900450332,4857.651889,8.528609918,0.45330488,0.195530509,141.9710308,379.5642745,8.07604762,634,male,meat,60-69
2,meat50-99_male_70-79,6.450290057,10.37249269,21672.95061,34.21026659,1.481321462,0.501641477,287.6679745,937.1319043,30.8210226,1.378196767,2.830734358,5388.050625,8.069173145,0.475082347,0.182437591,107.1084925,355.8147831,7.495712583,231,male,meat,70-79
2,vegan_female_20-29,2.569129344,5.185082606,9258.901794,13.02196969,0.154331755,0.20848477,206.2723216,292.1692203,10.78559308,1.023460484,2.105626694,4296.117971,6.629512336,0.134768036,0.110402415,144.260481,132.0006848,5.076340276,487,female,vegan,20-29
2,vegan_female_30-39,2.734359172,5.363129335,9815.844703,13.73055001,0.161071846,0.215381826,233.7130856,298.2025873,11.5053763,1.061409457,2.128605325,4272.9459,7.197293464,0.15519955,0.126267636,156.82004,133.384536,5.041247902,376,female,vegan,30-39
2,vegan_female_40-49,2.833847714,5.550401827,11040.88424,14.80058374,0.16538756,0.214772757,210.6047344,312.5214929,12.4819096,1.220661139,2.509589064,5519.814481,9.369267914,0.136040941,0.105828358,148.6709414,138.588183,6.289873132,219,female,vegan,40-49
2,vegan_female_50-59,2.668792749,5.771266952,11119.35358,12.67606678,0.151145022,0.217368924,247.045072,307.4291413,11.49464611,1.009130291,2.905753378,5242.950256,5.474841839,0.135786347,0.112389855,195.5555824,131.7512311,5.141895856,106,female,vegan,50-59
2,vegan_female_60-69,2.727806012,5.867590179,12074.58922,12.67996013,0.1470734,0.21369556,254.0816514,322.5931462,11.97344673,1.222072729,2.687901047,5165.036282,6.238104344,0.177384603,0.14551803,208.8696306,174.7772506,6.027918041,81,female,vegan,60-69
2,vegan_female_70-79,3.137776691,5.673022745,11664.7333,15.37687068,0.210568418,0.23765998,218.4358132,336.3003758,13.27340586,1.563890942,2.282454897,5283.68827,8.199864963,0.211366693,0.142820313,128.5064541,216.0894502,7.284642721,25,female,vegan,70-79
2,vegan_male_20-29,3.00191976,6.207056154,10164.44518,15.19599373,0.168083421,0.227689039,234.0551373,338.7404889,12.6746686,1.179103329,2.86180691,4593.43875,6.863593097,0.255138515,0.130949669,180.8936446,159.8989109,5.871917967,198,male,vegan,20-29
2,vegan_male_30-39,2.92933415,5.855490837,9632.532515,14.46353012,0.158708571,0.220354058,237.6608549,289.6912807,12.27406665,1.126396486,2.59236727,4163.298409,6.983563909,0.133122147,0.126451926,175.9146153,111.4286423,5.037208575,251,male,vegan,30-39
2,vegan_male_40-49,2.954204429,5.903678159,9810.556469,14.88406798,0.159155883,0.226298033,245.9894606,295.6431547,12.4389804,1.230415525,2.235748643,3847.92585,8.169154467,0.16884989,0.162156527,179.3257567,115.8371051,5.597491572,165,male,vegan,40-49
2,vegan_male_50-59,2.679984381,5.842984686,10668.23007,12.89849482,0.155742403,0.210795613,266.1626522,292.0644315,11.33586183,0.864753455,2.191533744,4551.648521,5.044142944,0.156005,0.146188726,190.3723062,95.71869405,3.656382528,62,male,vegan,50-59
2,vegan_male_60-69,2.693473857,6.067406969,12034.19364,13.64176592,0.131595402,0.223966908,263.9375286,315.4854795,12.20487782,0.98566176,2.439347704,5112.193673,7.681010752,0.103957585,0.114138155,179.3725277,120.9269614,4.702456986,52,male,vegan,60-69
2,vegan_male_70-79,2.878393574,5.38477512,11874.2816,14.382281,0.18324096,0.216917024,219.0297517,309.8687413,12.49602283,0.875280943,1.967091937,3348.053564,5.959814452,0.205266421,0.116274158,131.7292039,110.8042206,4.606763228,19,male,vegan,70-79
2,veggie_female_20-29,3.854396476,6.573841581,12675.03036,18.25807373,0.659472579,0.28943634,249.6676486,462.8952269,20.0424074,1.298478901,2.287237232,4480.029744,6.09185402,0.313506019,0.150955984,140.1205132,162.0685269,7.451547339,3752,female,veggie,20-29
2,veggie_female_30-39,3.903970888,6.637583049,12863.24162,18.36098992,0.652785571,0.283498725,253.8589057,447.2852903,20.55814654,1.295155105,2.193615434,4513.765548,5.93964868,0.322849045,0.148017963,135.8673002,159.1811469,7.499690465,3634,female,veggie,30-39
2,veggie_female_40-49,3.961896927,6.752992929,13318.48879,18.35144388,0.655668162,0.282753043,270.2406683,440.5544059,20.97395772,1.355827726,2.290430404,4610.079764,6.09015939,0.338812728,0.160268752,150.6782652,150.1467896,7.846443195,2696,female,veggie,40-49
2,veggie_female_50-59,4.040559829,6.91610082,13820.51961,18.2697234,0.662013185,0.289470814,289.0950812,440.3083828,21.23807029,1.453610478,2.363000438,4791.49188,6.407736587,0.362468709,0.180208537,165.1041386,156.7481308,8.040713875,1203,female,veggie,50-59
2,veggie_female_60-69,4.093772842,6.866597798,14351.57235,18.4443644,0.678677516,0.287860599,279.4570507,447.6256918,21.67217419,1.457105062,2.47992602,4819.134699,6.894373595,0.341459666,0.164616176,157.9236907,147.818147,8.175866142,536,female,veggie,60-69
2,veggie_female_70-79,4.028126896,6.86124241,15441.02443,17.83670512,0.660368305,0.306771428,262.6382104,460.8805267,21.02649087,1.32825891,2.266721523,5507.353582,5.668768109,0.323307104,0.156502504,129.9649662,147.8754498,7.743998103,289,female,veggie,70-79
2,veggie_male_20-29,4.262258857,7.268502718,13699.58752,20.45636021,0.709993713,0.31126762,252.0518944,516.8024165,22.2221773,1.35471388,2.46563388,5183.281392,6.430030846,0.346118234,0.139399091,133.7635792,198.9743486,8.484399765,646,male,veggie,20-29
2,veggie_male_30-39,4.222669293,7.153851009,13445.33248,19.97617833,0.672833148,0.297042138,251.9109753,485.7680534,22.10700565,1.412382759,2.525051422,4926.474767,6.968655325,0.352841934,0.130878846,139.9988589,176.3625921,8.723378988,1221,male,veggie,30-39
2,veggie_male_40-49,4.148153984,6.941521719,13565.64714,19.36552601,0.647202388,0.295338158,251.7085274,463.2827764,21.34708854,1.40749408,2.369416917,4681.431011,6.367677962,0.354095394,0.17161192,146.3818306,168.9339688,8.016800673,961,male,veggie,40-49
2,veggie_male_50-59,4.031774969,6.998702666,13550.76331,18.3552865,0.627497452,0.296420181,261.7318197,450.108898,20.45954945,1.39190899,2.570904593,4652.631554,6.404580251,0.347842509,0.156648424,150.5740881,165.3828058,7.784500325,426,male,veggie,50-59
2,veggie_male_60-69,4.073330744,7.128257283,14233.00326,18.44844965,0.627309649,0.310180997,276.0644567,452.7380091,20.66102412,1.40763506,2.656399993,4800.915288,7.643174018,0.342651522,0.170204311,165.7529777,154.7474846,7.861318341,229,male,veggie,60-69
2,veggie_male_70-79,4.185431837,7.050180258,15784.30376,18.42549956,0.67584947,0.337692243,272.2110462,488.9116215,21.13315244,1.544560498,2.422766699,6015.586061,6.44163237,0.369110643,0.197007635,154.5414937,179.3718952,8.238541352,158,male,veggie,70-79
3,fish_female_20-29,4.946889929,6.753410716,15846.86685,19.55101382,0.93325102,0.420634143,295.3979377,835.6196847,22.52624302,1.769578165,2.367011856,5798.689353,6.803914361,0.462969801,0.155759386,143.6737441,362.4078514,8.059303996,1329,female,fish,20-29
3,fish_female_30-39,4.906424338,6.741952855,16341.33936,19.31281383,0.923058243,0.408709063,286.6402551,865.5373862,22.886875,1.663869445,2.210046294,5715.754933,6.378555353,0.440514632,0.142611492,133.676885,383.2924933,7.633125678,2024,female,fish,30-39
3,fish_female_40-49,4.81250683,6.685166978,16600.30333,19.2039164,0.908279086,0.401681916,277.293064,871.3340691,23.09919669,1.61647455,2.189171751,5846.28757,6.463076317,0.446570711,0.142216738,134.4039484,381.4375044,7.824029798,1689,female,fish,40-49
3,fish_female_50-59,4.85599081,6.701562418,17732.80446,19.59611394,0.882202705,0.39116407,270.8314767,966.8533565,23.4949326,1.75390504,2.315967418,7638.419547,7.045643074,0.459028903,0.136941926,139.5156044,515.2771377,8.293670858,946,female,fish,50-59
3,fish_female_60-69,5.060135073,6.889420924,18443.42445,20.02054053,0.927066808,0.414724626,275.8902675,1024.243959,24.22240495,1.839222617,2.388661157,7167.365342,6.971751422,0.476662146,0.142251069,138.5846794,502.9790374,8.358157068,492,female,fish,60-69
3,fish_female_70-79,5.013224343,6.920684141,19265.16964,19.11240097,0.936608856,0.424649283,276.7696759,1007.561433,23.18096832,1.699492329,2.32626861,9250.070479,6.256421649,0.454666789,0.141109821,129.5709676,537.1871642,7.76682662,195,female,fish,70-79
3,fish_male_20-29,5.704852662,7.500690292,17745.21935,21.83120269,1.031402309,0.5013921,319.1691699,975.3675816,25.8515581,1.767840506,2.322789474,5995.383779,7.818181765,0.441632259,0.166155732,133.457457,563.1327908,8.847375853,163,male,fish,20-29
3,fish_male_30-39,5.396928374,7.187581531,17133.14623,20.64156564,0.966984112,0.458245884,309.4109922,921.2595847,24.47538475,1.885372087,2.512911383,5648.918711,7.204254593,0.491951146,0.167173061,159.8684433,429.4627758,8.424120363,412,male,fish,30-39
3,fish_male_40-49,5.223439692,7.061903924,16799.25188,19.94249292,0.945162984,0.432455102,296.0831562,916.2256205,23.7565004,1.761760727,2.268517742,5770.604482,6.292890908,0.467074939,0.145751813,139.6320328,493.680224,8.071197416,432,male,fish,40-49
3,fish_male_50-59,5.214738443,6.969660553,17363.41757,20.27879245,0.924481648,0.407731744,295.3971597,955.7047021,24.2580478,1.845666419,2.594471985,6851.548145,6.932918457,0.544694595,0.148607215,178.678072,436.2588176,8.405495706,214,male,fish,50-59
3,fish_male_60-69,5.215055305,7.040607975,19103.67879,19.77818639,0.941844471,0.431617049,284.1043024,997.1626434,23.76296458,2.148706411,2.72245018,10419.46798,6.891227854,0.567373931,0.178133607,157.1207205,502.1347356,8.838549523,159,male,fish,60-69
3,fish_male_70-79,5.470807502,7.410509642,20587.31656,20.56153851,0.983051083,0.446743805,301.9716649,1092.184658,24.62986182,1.819691521,2.408181886,10742.75887,7.431872473,0.415975101,0.130583715,125.72922,569.8389639,7.441866032,68,male,fish,70-79
3,meat <50_female_20-29,5.031702992,7.016239868,15735.52803,19.74542126,1.031387605,0.455937959,276.7999675,808.7287619,24.46046876,1.536498397,2.152038001,5780.145411,6.26274936,0.407378357,0.156139971,131.933695,356.3887159,7.467991497,764,female,meat50,20-29
3,meat <50_female_30-39,5.184002985,7.14689248,15975.11703,20.04894937,1.054947639,0.443698756,277.5314513,861.8184787,25.31444614,1.705889187,2.337980774,5855.19063,6.433129857,0.471899492,0.144815199,148.1405134,376.0514575,7.976592904,1483,female,meat50,30-39
3,meat <50_female_40-49,5.178419433,7.158365335,16221.54178,20.0918744,1.066554785,0.4433213,270.43097,866.8208072,25.65304836,1.515971841,2.153240745,5945.701505,5.961435703,0.423896622,0.135440004,129.0327105,365.7827817,7.26667069,2093,female,meat50,40-49
3,meat <50_female_50-59,5.28238196,7.174685347,16870.70788,20.61039335,1.07607912,0.448306794,266.0434232,925.084089,26.61202592,1.572380844,2.16851482,6431.042038,6.508368466,0.427426976,0.137744082,136.7979955,408.3544549,7.611737708,1698,female,meat50,50-59
3,meat <50_female_60-69,5.456308206,7.43986259,17466.99842,20.83010676,1.138616076,0.462077888,273.0633088,960.9115238,27.14455382,1.529587616,2.138480647,6933.690456,6.140536294,0.413526789,0.128457206,122.4246309,429.6682428,7.520850964,1047,female,meat50,60-69
3,meat <50_female_70-79,5.487310892,7.315867774,17948.02156,20.28874525,1.147362621,0.470712625,265.7415759,1001.313507,26.63741752,1.708393718,2.284086786,9141.742167,6.317188106,0.448490427,0.14814596,131.7454148,515.1429642,7.783042595,381,female,meat50,70-79
3,meat <50_male_20-29,5.580887793,7.629013438,16773.73069,20.70820516,1.14888218,0.528322689,297.1127085,829.0628272,25.95618926,1.684567528,2.073618313,8320.411762,5.998474059,0.430960138,0.191327722,144.9721102,455.9281134,7.550912887,131,male,meat50,20-29
3,meat <50_male_30-39,5.708117365,7.679207804,16948.81377,21.10293339,1.159729658,0.50643273,301.107259,920.2989683,26.89075601,1.945150634,2.553196901,6019.306811,6.781127964,0.51632576,0.178869547,176.7159192,539.2777255,8.210421196,370,male,meat50,30-39
3,meat <50_male_40-49,5.552073347,7.485320192,16998.71497,20.62875951,1.123681303,0.482687014,281.4657467,882.056312,26.74311947,1.796762108,2.504930585,7556.655911,6.238309841,0.529008993,0.162615869,166.5712165,409.7925726,7.901795081,448,male,meat50,40-49
3,meat <50_male_50-59,5.543792618,7.577926201,17299.14774,20.88273116,1.133061269,0.47593034,281.0270334,889.0547523,27.12071286,1.471062743,2.124611061,6144.275477,5.658453633,0.451731623,0.15034723,122.6395911,336.3580335,7.290521329,410,male,meat50,50-59
3,meat <50_male_60-69,5.599935784,7.596310586,17295.2549,20.56200644,1.146596726,0.47648305,274.0314061,939.3026843,26.89843082,1.684498591,2.395991428,7947.101133,6.416815652,0.443596767,0.148133446,138.9597158,478.7303313,7.511774651,364,male,meat50,60-69
3,meat <50_male_70-79,5.824624037,8.019877227,18490.96521,21.87941358,1.200465042,0.483195841,296.9885221,975.7023737,28.17473649,1.662691387,2.367727198,7296.931658,6.675819223,0.432964699,0.143687222,127.60398,396.8492266,8.092930048,143,male,meat50,70-79
3,meat 100+_female_20-29,8.013875441,11.73873753,20242.65959,30.7023767,1.887124391,0.762065588,340.3635416,980.4463171,41.98560581,1.951280847,3.130837762,5583.272429,7.573338418,0.631837246,0.217217276,142.6118603,341.0455048,9.957982012,393,female,meat100,20-29
3,meat 100+_female_30-39,8.003666809,11.65951725,20577.93107,29.87536986,1.900094394,0.758371871,332.9521419,1007.245517,41.74724496,1.924143985,3.096888812,5692.924186,6.997429887,0.611578881,0.216828158,128.5121109,374.8904902,9.375765493,778,female,meat100,30-39
3,meat 100+_female_40-49,8.147332233,11.92499399,19826.49141,30.44276063,1.965808574,0.775506916,322.3152057,980.440341,42.91606093,1.90879187,3.042996407,5824.489981,7.127654152,0.612460639,0.206908113,130.1826387,378.8767191,9.473895091,1935,female,meat100,40-49
3,meat 100+_female_50-59,8.306722406,12.07156134,19679.9752,30.79481031,2.008395296,0.780346521,324.5674912,1020.862758,43.89363187,1.888709297,3.053852331,5967.026343,7.184463747,0.604164002,0.200236068,128.2716792,391.5931316,9.706065523,1753,female,meat100,50-59
3,meat 100+_female_60-69,8.301332884,11.97137599,20467.55581,30.78458929,1.987521528,0.774368022,312.9276326,1062.915043,43.96188585,2.021077174,3.174925291,6963.62608,7.436628358,0.623032333,0.21118837,127.8399574,458.311199,10.01606321,843,female,meat100,60-69
3,meat 100+_female_70-79,8.611876864,12.30833492,19991.05602,30.9032683,2.141218462,0.822687159,320.4322866,1065.457526,45.00580956,2.384954616,3.560951116,6321.766119,7.99780552,0.792589049,0.248591072,146.983085,447.6020296,11.93496737,274,female,meat100,70-79
3,meat 100+_male_20-29,9.638885343,14.09057175,23216.69073,34.72342416,2.412990461,0.978535165,384.1448673,1058.518731,48.14031515,2.677373045,4.695350698,7895.061832,9.336971808,0.959915421,0.296996754,270.3915001,421.1550874,12.43084748,132,male,meat100,20-29
3,meat 100+_male_30-39,8.764828787,12.87704739,21521.91346,32.05471933,2.08989376,0.853186366,345.2159133,1040.791008,44.00585469,2.102684331,3.428142774,6177.791659,7.81418506,0.711378236,0.233764798,124.9639302,444.5253307,10.51728419,260,male,meat100,30-39
3,meat 100+_male_40-49,8.696904608,12.8957291,20309.20186,31.10104053,2.124809654,0.844509083,334.4049981,942.6636596,43.4990909,1.966969445,3.312827594,6006.612249,7.212760684,0.616938192,0.222865428,128.0600941,328.2198822,9.704219372,616,male,meat100,40-49
3,meat 100+_male_50-59,8.742599783,12.8993258,20828.63154,31.25077604,2.13594038,0.829761062,328.9491543,977.7181255,44.21260303,2.20857897,3.854517678,6959.606019,7.238117993,0.7438327,0.23436666,168.4361796,375.2572987,10.18397336,591,male,meat100,50-59
3,meat 100+_male_60-69,8.686785466,12.88339805,20375.03869,30.98654053,2.131380269,0.815411535,324.9417013,1006.492191,44.60147884,1.925022744,3.306291539,6793.423237,6.861417407,0.625141844,0.213345066,104.8387349,372.7925318,9.998365274,543,male,meat100,60-69
3,meat 100+_male_70-79,9.071417719,13.29155902,20458.58064,32.65714294,2.223656396,0.859651082,341.9792728,1014.149468,46.72996673,2.099560246,3.425004741,6014.676546,8.278077228,0.676709749,0.265983505,121.5415628,336.2827817,13.35800518,168,male,meat100,70-79
3,meat50-99_female_20-29,6.123291087,8.603131419,17542.08733,23.57513491,1.32619385,0.561460433,292.5857496,919.7821342,30.95576186,1.518987713,2.209757619,5488.780672,6.031792272,0.440166004,0.162217718,120.5385279,393.7833404,7.433318351,669,female,meat,20-29
3,meat50-99_female_30-39,6.196026262,8.691076092,17553.13246,23.55188897,1.367400183,0.566934555,290.656848,926.6736833,31.43528759,1.489906998,2.180363448,5209.896803,5.852594608,0.437652479,0.163648073,115.9266596,377.3727051,7.091596173,1350,female,meat,30-39
3,meat50-99_female_40-49,6.310648395,8.879029021,17549.01092,23.94333512,1.403306596,0.566423847,291.564077,926.8826624,32.31845705,1.556785704,2.279031646,5383.845145,6.040652879,0.457600272,0.153978205,128.7781321,383.3527546,7.402415656,2710,female,meat,40-49
3,meat50-99_female_50-59,6.351582394,8.857628256,17615.8355,24.01577452,1.40473079,0.56274478,286.4363267,972.1837107,32.86643994,1.549650396,2.275670137,5927.290623,6.029540584,0.463125726,0.150765754,131.1699714,415.030751,7.35597304,2682,female,meat,50-59
3,meat50-99_female_60-69,6.452945881,8.878658845,18526.92874,24.41526844,1.407126439,0.569891431,283.8769813,1030.165346,33.27458121,1.481149385,2.164096163,7418.281339,6.180201611,0.429086225,0.147031049,113.3865476,459.5799446,7.26098772,1456,female,meat,60-69
3,meat50-99_female_70-79,6.553415772,9.153177088,19173.73355,24.19178959,1.453255071,0.591493177,290.3195395,1055.122835,32.91080504,1.572268775,2.376670324,8233.162658,5.918920854,0.466329132,0.157025776,130.6909918,496.2829289,7.432656193,450,female,meat,70-79
3,meat50-99_male_20-29,6.792515972,9.225902232,19010.80964,25.29817815,1.465328969,0.642301627,331.1046899,969.3886222,33.17490216,1.907034092,2.853245601,6917.868739,6.804301985,0.582676599,0.203081215,214.751515,425.4350349,7.867130364,151,male,meat,20-29
3,meat50-99_male_30-39,6.770761633,9.408885384,19097.61795,24.98137134,1.492553224,0.629544046,310.6660732,961.337837,33.48009832,1.775031987,2.468109891,6141.405247,6.643096564,0.525954374,0.185741848,132.5623197,405.9899517,8.483394878,304,male,meat,30-39
3,meat50-99_male_40-49,6.721012432,9.528173455,17996.29609,24.50602028,1.494724752,0.619363018,309.7110083,876.4552078,33.23451028,1.65212787,2.526588232,5402.426408,6.069773883,0.490521936,0.169250035,156.7318329,318.4186619,7.528304066,663,male,meat,40-49
3,meat50-99_male_50-59,6.601467668,9.264634286,18111.91569,24.46209557,1.44597038,0.59572436,290.3585551,935.1448909,33.22045451,1.567102266,2.38823121,6374.150672,6.309193544,0.483759384,0.176486774,131.734339,390.1292633,7.824726554,671,male,meat,50-59
3,meat50-99_male_60-69,6.688379358,9.377602209,18428.85068,24.691823,1.467315353,0.605406435,290.2038959,952.8994135,33.60433582,1.449798638,2.230809316,6949.38572,6.151738119,0.428331094,0.15619294,105.8951435,408.4363761,7.431405549,634,male,meat,60-69
3,meat50-99_male_70-79,6.834164694,9.549122194,18098.74426,24.74588464,1.518540738,0.616581754,296.7381953,987.3906328,33.36453083,1.492198719,2.242876256,6023.049986,6.09953765,0.461410334,0.163693484,110.503847,394.4379118,7.382506739,231,male,meat,70-79
3,vegan_female_20-29,2.088400994,4.270102425,12211.59671,9.220134724,0.141573937,0.215327929,105.2801842,531.7946176,10.39897763,0.838634464,1.569557338,6827.474379,3.158486208,0.195001423,0.080672681,77.5084884,386.939017,4.049784791,487,female,vegan,20-29
3,vegan_female_30-39,2.2248086,4.474872073,12962.40039,9.708612263,0.163757952,0.226690773,117.508292,580.1784186,10.85001749,0.972343289,1.835261744,5693.352102,3.392832158,0.282607321,0.094240778,115.0765408,388.6528073,3.98028316,376,female,vegan,30-39
3,vegan_female_40-49,2.296388005,4.57087501,14396.95648,10.1669845,0.171639322,0.235478758,115.6686423,636.7013672,11.77050468,0.961927204,1.65921924,8244.640922,3.69963379,0.201422896,0.10980016,82.37344361,506.9016263,5.089041101,219,female,vegan,40-49
3,vegan_female_50-59,2.137648732,4.432339652,15820.86225,9.639711293,0.124351451,0.227681284,98.64590876,556.8170314,11.36123752,0.787124509,1.572100431,10634.9386,3.234644491,0.125794421,0.078849374,41.71653152,374.6933978,4.508000469,106,female,vegan,50-59
3,vegan_female_60-69,2.26390606,4.644770146,16004.94985,10.56323479,0.13274728,0.237210952,102.691907,571.9630997,12.11160106,0.965459272,1.979549434,10351.96437,4.308741489,0.17618782,0.087981413,55.19515527,389.8598051,5.038747308,81,female,vegan,60-69
3,vegan_female_70-79,2.435026455,4.670691808,15592.11227,11.04219266,0.179676432,0.243426868,118.6867568,698.9013964,12.51713416,1.096398254,2.359035711,6920.574595,5.382203048,0.187855967,0.101254847,63.94326322,419.4658715,6.230806563,25,female,vegan,70-79
3,vegan_male_20-29,2.520528968,4.92430615,13504.55101,10.84747323,0.153549258,0.252718011,114.6134736,598.7150627,12.37046818,1.084558009,1.909695006,6344.282278,4.271004616,0.264681078,0.12129108,55.32264595,336.1916766,5.724844575,198,male,vegan,20-29
3,vegan_male_30-39,2.346676663,4.495031776,13724.51734,9.940390868,0.131531962,0.233782104,106.539766,596.952722,11.88866844,0.779063632,1.613453981,7668.982012,3.093737663,0.104940592,0.084368868,49.9594879,362.1990584,4.239082043,251,male,vegan,30-39
3,vegan_male_40-49,2.314648979,4.506193335,13986.2384,9.916745533,0.133833061,0.23603979,109.6229969,619.3501857,11.61252342,0.829189298,1.646112902,7117.880679,3.176867799,0.143514806,0.087413862,60.20843739,442.8490077,4.26531294,165,male,vegan,40-49
3,vegan_male_50-59,2.243372351,4.360618746,14210.35773,9.571466514,0.153722959,0.220714341,106.2605985,536.4662496,11.12991353,0.64953989,1.555380407,5531.829891,2.807381597,0.160064789,0.066301435,62.83169712,234.596776,3.099689399,62,male,vegan,50-59
3,vegan_male_60-69,2.155536742,4.336171687,16900.45673,9.519542108,0.10486657,0.234570861,97.09053404,653.8310004,11.78847973,0.731015386,1.827862807,10630.92946,3.008462437,0.067715423,0.102800679,47.6990498,464.0423158,4.398905024,52,male,vegan,60-69
3,vegan_male_70-79,2.78900536,5.314938616,16398.51034,10.0475912,0.39829276,0.267042144,205.8609046,698.5696943,11.57657833,2.729280747,5.017322849,9590.473634,3.44804786,1.265010056,0.147994084,491.4001005,348.6547141,4.874707625,19,male,vegan,70-79
3,veggie_female_20-29,4.290658272,6.519079382,14131.68022,16.49173371,0.871582256,0.382768067,287.0960004,591.2604825,20.19954002,1.593421931,2.283232078,5303.532093,5.778886001,0.451924121,0.145225835,146.6907662,247.2719211,7.415161119,3752,female,veggie,20-29
3,veggie_female_30-39,4.286120784,6.583318821,14643.02984,16.44841479,0.868460088,0.375736039,285.5965302,623.0254855,20.54202653,1.611502386,2.365368873,5923.083836,5.768348608,0.481240169,0.14531498,155.511141,270.9165441,7.353275412,3634,female,veggie,30-39
3,veggie_female_40-49,4.223426948,6.540916511,15279.51926,16.62837263,0.839655132,0.358336351,272.0694677,636.9874913,20.92174888,1.596503187,2.317997184,6607.846343,6.044477841,0.466744021,0.132859572,144.2872838,296.1956117,7.779409606,2696,female,veggie,40-49
3,veggie_female_50-59,4.120928148,6.390123861,16117.63141,16.55838378,0.808214152,0.35305925,256.9858477,657.7584346,21.05851522,1.549236426,2.278573808,7594.346791,6.307469072,0.439461309,0.134037675,131.3677499,328.829173,7.916909979,1203,female,veggie,50-59
3,veggie_female_60-69,4.30024156,6.558314537,17675.60648,16.71937235,0.867719485,0.369587825,268.2599062,712.9587475,21.38586194,1.662720522,2.397334272,9884.036416,6.06059069,0.464517008,0.133177363,147.9456505,453.3670941,7.771999693,536,female,veggie,60-69
3,veggie_female_70-79,4.450369855,6.716582978,18358.38056,16.40098952,0.921082137,0.385054116,280.8808231,709.4184865,21.42584972,1.692183918,2.375485192,10593.84767,5.635312668,0.491902459,0.136880717,146.8668681,450.2464605,7.582000286,289,female,veggie,70-79
3,veggie_male_20-29,4.973506755,7.228196196,15308.90855,18.18010132,0.98688709,0.445735323,318.32497,651.2285265,22.99006673,2.009428476,2.56736581,6116.82014,6.571413194,0.550607704,0.185837626,169.8636569,244.7027107,9.040130234,646,male,veggie,20-29
3,veggie_male_30-39,4.84572608,7.09048573,15517.50536,17.70213207,0.940614106,0.427801253,313.5699569,665.0940271,22.82476437,1.983091816,2.632252795,6809.940311,6.859556069,0.556772922,0.185118255,180.1736155,316.9330217,9.178050146,1221,male,veggie,30-39
3,veggie_male_40-49,4.590445651,6.818254528,15613.71165,16.99268887,0.875845848,0.394929037,287.4942429,673.2173947,21.76908067,1.795549782,2.472862756,6552.871531,6.208090801,0.51405361,0.166780666,163.2861795,288.7882246,8.317269103,961,male,veggie,40-49
3,veggie_male_50-59,4.375284297,6.626348593,16472.10087,16.55339588,0.817366071,0.372392799,268.6968635,659.7399723,21.21157717,1.675556417,2.403988027,8353.382858,6.127027805,0.474956443,0.14950694,143.1173234,361.9798457,8.085220483,426,male,veggie,50-59
3,veggie_male_60-69,4.414495261,6.718416986,17302.77469,16.20681502,0.843661151,0.377722733,272.1023654,717.7835107,20.93486833,1.770561799,2.60110458,9848.140792,5.546451922,0.488431803,0.147587594,149.8946802,508.8741453,7.710391095,229,male,veggie,60-69
3,veggie_male_70-79,4.699761514,6.869235722,19712.07241,17.17903782,0.903394722,0.403591115,285.6262014,758.7258179,22.07562397,2.01980392,2.695455847,12462.0781,6.381133286,0.562622687,0.155600682,161.8722875,468.9654518,8.793237231,158,male,veggie,70-79
4,fish_female_20-29,4.378677493,5.684973683,18472.42478,18.53452182,0.841311362,0.365687149,189.1149136,868.0805556,21.13221047,1.49088206,1.923306287,7558.548746,6.581329164,0.37344345,0.169255848,108.0571558,396.9876176,7.899139303,1329,female,fish,20-29
4,fish_female_30-39,4.381108888,5.721998219,18721.6592,18.14697752,0.824787406,0.35624783,183.0323235,907.1642244,21.32669045,1.398794529,1.763693048,7293.419256,6.047616809,0.347544985,0.15650106,100.5374807,453.110284,7.371311961,2024,female,fish,30-39
4,fish_female_40-49,4.414638653,5.791828645,18745.70763,17.9543972,0.830524428,0.359364463,185.4508303,918.9310697,21.67022574,1.455319081,1.80456894,7683.436678,5.875346029,0.377714929,0.185621194,119.7607199,454.5212269,7.727498863,1689,female,fish,40-49
4,fish_female_50-59,4.455569694,5.816656395,19612.97754,18.08410775,0.826108995,0.36087056,178.4800605,991.4212383,21.99338193,1.555047576,1.769935356,7991.227234,6.401380096,0.368426328,0.166154347,101.7244646,544.7782655,8.176474921,946,female,fish,50-59
4,fish_female_60-69,4.708849173,6.213175548,19436.0597,18.75226608,0.877582366,0.387275558,196.9591437,1021.947703,22.97975721,1.557914,1.86272407,8075.706651,6.091253078,0.38973493,0.167698722,110.2865247,557.2325238,8.075798034,492,female,fish,60-69
4,fish_female_70-79,4.788627685,6.341531146,18751.72565,18.66754789,0.86965135,0.405979356,216.7146324,973.9051025,22.48776347,1.64340804,1.894794181,8145.780747,5.946262401,0.382721947,0.199152992,133.3211611,512.8688029,7.944711888,195,female,fish,70-79
4,fish_male_20-29,5.053300719,6.691164991,19096.53638,21.07368787,0.914784172,0.393830019,207.6826556,1032.266549,23.98655445,1.692956436,1.929270151,8102.879583,7.526220515,0.375509235,0.190624387,117.0732995,790.9152141,8.59217433,163,male,fish,20-29
4,fish_male_30-39,4.761814053,6.32552305,18589.98648,19.69672027,0.827456798,0.354088563,186.8568413,959.6787108,22.76610874,1.537230335,2.008480392,7694.427869,6.935321889,0.370908132,0.142126699,89.33346592,563.038542,8.132486406,412,male,fish,30-39
4,fish_male_40-49,4.681597363,6.253798716,17761.82755,18.73617402,0.825182797,0.353430152,189.6803533,963.9040139,21.9464944,1.457552073,1.790591367,7069.745243,5.753199309,0.345924193,0.136090574,89.01667642,689.8433247,7.677512826,432,male,fish,40-49
4,fish_male_50-59,4.646494302,6.144351179,18646.75451,18.37885137,0.832030669,0.362977704,186.2667952,971.0385975,22.21871384,1.667971796,1.842272731,7324.506385,6.18744119,0.374143982,0.157338841,106.5599827,501.4669281,8.16073031,214,male,fish,50-59
4,fish_male_60-69,4.797166795,6.544688787,18604.55517,19.11216951,0.879665305,0.399856876,218.6925178,943.480307,22.36019146,1.93649575,2.4192896,7052.329623,8.064864942,0.476134561,0.23132214,156.2904459,451.4526171,9.089936299,159,male,fish,60-69
4,fish_male_70-79,5.074702588,6.923747332,18506.34008,19.88745033,0.918877921,0.417908457,223.7463724,1032.610812,23.61813631,1.631268981,2.184356115,7100.718996,7.361631016,0.389047179,0.192631758,104.3304303,590.6054372,7.307824775,68,male,fish,70-79
4,meat <50_female_20-29,4.651228016,6.617885492,17845.58607,23.6224188,0.929110337,0.386489123,206.4711224,853.0157908,25.06452222,1.380242878,1.979535573,7593.364518,7.546338687,0.338868433,0.156328273,104.9332756,428.6368356,7.629255145,764,female,meat50,20-29
4,meat <50_female_30-39,4.818732774,6.609805622,18280.15219,22.90115826,0.939018672,0.384708153,204.4352146,907.2451206,25.49763133,1.482880991,1.856408946,7774.858127,6.610682019,0.372730649,0.178704736,114.8054509,430.3468018,7.869377813,1483,female,meat50,30-39
4,meat <50_female_40-49,4.87618284,6.706081288,18014.1501,22.81978741,0.966635698,0.391486235,206.6538624,903.0230049,25.9972884,1.408686207,1.819419934,7435.691403,6.024780113,0.348712728,0.174024931,114.5849311,416.8797619,7.215961506,2093,female,meat50,40-49
4,meat <50_female_50-59,5.019471756,6.782013851,18782.9451,22.87439509,1.001301284,0.399487107,206.9774022,945.1476509,27.06147963,1.391585154,1.846141874,7677.160568,5.652520073,0.344243673,0.158611597,103.3169199,428.1930737,7.311810156,1698,female,meat50,50-59
4,meat <50_female_60-69,5.192790414,7.120943312,18676.36073,23.35809023,1.052023685,0.413092541,216.8663711,955.6069481,27.95999541,1.372055692,1.839859367,7432.566006,5.445045612,0.34001593,0.170346809,109.5101378,440.3729613,7.170247341,1047,female,meat50,60-69
4,meat <50_female_70-79,5.252813972,7.116706688,17989.01479,23.06534604,1.046184218,0.411355758,216.8904237,944.5415564,27.76458772,1.554862743,1.884723179,7449.389107,5.943888576,0.359108568,0.154178634,97.54711398,416.2403617,7.955403526,381,female,meat50,70-79
4,meat <50_male_20-29,4.968878947,7.490892518,16873.0881,26.90343043,0.984339664,0.374361477,216.2646941,822.1102843,27.20129481,1.427504702,2.15480806,6928.823484,8.631659641,0.327928662,0.124287759,97.02602815,389.1337764,7.842647112,131,male,meat50,20-29
4,meat <50_male_30-39,5.234644887,7.355102269,18176.72426,25.03232461,0.998917454,0.39650722,218.1916249,947.1537844,27.41346183,1.748672258,2.092148339,8038.675147,8.413135322,0.372255059,0.156890548,101.8176373,568.6316674,8.728520747,370,male,meat50,30-39
4,meat <50_male_40-49,5.17391206,7.229980769,17138.15074,24.00567904,0.985766931,0.382609876,213.271379,888.6287396,27.12131848,1.523750825,1.995245492,6782.72347,6.836934692,0.357966452,0.144742802,103.9470699,400.2425992,7.978663689,448,male,meat50,40-49
4,meat <50_male_50-59,5.249863463,7.320587128,17634.30082,24.12320014,1.036309501,0.415682293,231.3747175,873.1839619,27.7656507,1.552684163,2.01865599,6624.857993,6.753773417,0.387643746,0.216951195,154.5991181,336.043755,7.713060377,410,male,meat50,50-59
4,meat <50_male_60-69,5.320657559,7.433866426,17206.8171,24.09502218,1.040429407,0.423503276,234.1355562,905.7421598,27.6576115,1.591751716,2.041836597,7346.901002,6.472776072,0.359516556,0.197218232,132.8721067,485.6210233,7.211366013,364,male,meat50,60-69
4,meat <50_male_70-79,5.499333712,7.656229164,18544.61179,24.18022467,1.113329171,0.445218651,240.4609041,933.549397,28.45700552,1.490661221,2.061780053,7561.843861,5.919955532,0.331225634,0.145085909,106.9641994,378.9239054,7.542524667,143,male,meat50,70-79
4,meat 100+_female_20-29,7.960564687,12.43679279,20418.41989,48.96278109,1.650698098,0.667763476,330.18082,1014.563743,49.33534712,1.903284833,4.138257748,7389.984866,24.38675733,0.540708499,0.241199949,145.472938,385.8126424,13.32699191,393,female,meat100,20-29
4,meat 100+_female_30-39,8.005671657,11.92904867,19889.84757,43.1367312,1.662534155,0.669349128,312.8440525,1020.947087,47.36752442,1.855901522,3.414108542,6929.527059,16.43264585,0.511586293,0.217303844,128.8572161,405.5318989,10.89935419,778,female,meat100,30-39
4,meat 100+_female_40-49,8.183296473,12.23582063,19824.04577,42.05479349,1.774791454,0.715926244,314.8393446,995.2425728,47.81140157,1.856153176,3.309786891,7071.697828,15.93202292,0.528218877,0.235944031,132.0860074,397.1021781,10.66494232,1935,female,meat100,40-49
4,meat 100+_female_50-59,8.370288806,12.08978161,20570.76495,39.30485937,1.82824068,0.734306096,304.5767813,1037.839017,47.88398125,1.845906348,3.031024665,7519.330353,12.4362664,0.51673758,0.233938557,124.958782,406.0952606,10.17734609,1753,female,meat100,50-59
4,meat 100+_female_60-69,8.398678182,12.07909645,20633.56487,38.02926078,1.835239942,0.73609268,301.8183506,1044.70819,47.46327657,1.954198677,3.001443258,7208.380966,11.56252657,0.544207502,0.256568528,123.0317367,419.6039426,10.48216549,843,female,meat100,60-69
4,meat 100+_female_70-79,8.82628831,12.65965949,20787.5104,38.97640471,1.940740535,0.762966864,310.7144537,1073.690448,49.01679223,2.274832399,3.508424433,7271.325928,14.00006871,0.677962211,0.257972256,110.1984644,471.9049474,12.56056446,274,female,meat100,70-79
4,meat 100+_male_20-29,9.518042138,16.41923235,20335.26951,69.14378979,2.027595524,0.760559676,423.3323121,1091.152979,60.64984149,2.504351643,6.37887575,8355.093063,41.20903036,0.653732699,0.269430285,189.5120768,410.3798557,21.4795668,132,male,meat100,20-29
4,meat 100+_male_30-39,8.715824332,13.89537924,19626.57986,52.954422,1.799825577,0.710688618,355.4176001,1077.767636,51.06090491,2.190397877,4.16777244,7338.445305,21.81523577,0.58414203,0.241153147,135.9426675,483.616727,13.88025679,260,male,meat100,30-39
4,meat 100+_male_40-49,8.553102582,13.59532061,18549.08472,48.82364135,1.828079033,0.701979515,333.0957619,964.8814158,49.68485596,1.940965429,3.707403577,6545.342039,20.33067083,0.515173204,0.207152483,121.3034476,351.1439768,11.51739526,616,male,meat100,40-49
4,meat 100+_male_50-59,8.602050272,13.23030364,18836.11638,44.74307382,1.866169473,0.724037448,326.000567,976.1737664,48.97705216,2.099058365,4.215800911,6359.227709,21.7485939,0.582551473,0.248237125,151.4223468,354.1498794,13.13883354,591,male,meat100,50-59
4,meat 100+_male_60-69,8.695774898,12.93899141,19300.5028,41.04902801,1.871020546,0.742487379,324.3524296,1006.125882,47.58630157,1.949087706,3.322844484,6206.33078,13.08853509,0.515604327,0.226923042,130.1704964,371.7663934,10.70358913,543,male,meat100,60-69
4,meat 100+_male_70-79,9.052400755,13.21792021,20244.49736,40.74053659,1.951163804,0.780682809,325.4778323,1022.611812,48.43318665,2.227981516,3.45442093,7363.813068,12.665616,0.58207636,0.2500579,128.4669547,327.5931479,11.57621897,168,male,meat100,70-79
4,meat50-99_female_20-29,5.97142851,8.590477071,18222.17061,32.50420614,1.170845994,0.475897068,258.1953079,941.5338568,34.50475474,1.501846494,2.303009872,7354.38046,10.4799925,0.38571823,0.197695587,125.8675793,430.1403278,7.661450624,669,female,meat,20-29
4,meat50-99_female_30-39,6.113946459,8.600831348,18053.15666,31.25325106,1.200034675,0.473283405,254.4995842,947.4540801,34.65612679,1.505515141,2.260661055,7012.248472,10.00795334,0.370298472,0.175788915,117.3986694,425.6881969,7.805360436,1350,female,meat,30-39
4,meat50-99_female_40-49,6.194233865,8.77757087,18155.3043,30.53703433,1.25449967,0.492184551,253.402091,935.6355889,35.22813773,1.421530618,2.18058568,6855.540293,9.001693643,0.367379312,0.166539079,105.2497682,414.0045414,7.633518085,2710,female,meat,40-49
4,meat50-99_female_50-59,6.30328052,8.640812542,18640.42638,28.88476358,1.289038613,0.509305355,253.561207,976.0426501,35.33755466,1.411052661,2.010445399,6837.463701,7.135752982,0.374035989,0.178890736,109.4247175,414.5349219,7.366272551,2682,female,meat,50-59
4,meat50-99_female_60-69,6.453598269,8.792395541,19053.0321,28.93442295,1.303290217,0.514512553,258.989995,1003.144104,35.8017311,1.493446118,2.053445099,7133.206662,6.58050399,0.368976869,0.190619078,118.0034201,411.9438082,7.358085161,1456,female,meat,60-69
4,meat50-99_female_70-79,6.610521697,9.249305172,18491.58945,29.36703826,1.328047516,0.537942206,275.9990155,1017.488102,35.56902821,1.589563697,2.33396953,6788.874401,7.067338579,0.399482379,0.203739056,138.8347296,432.9755378,7.573111453,450,female,meat,70-79
4,meat50-99_male_20-29,6.453452626,9.494500003,18305.15439,36.67184548,1.259209285,0.478438659,274.6124691,994.8237021,37.52047442,1.520153029,2.549450925,7584.848864,11.67111938,0.379101749,0.172858569,116.1153277,474.3790412,8.425192087,151,male,meat,20-29
4,meat50-99_male_30-39,6.631213871,9.691102878,18342.73729,35.93749761,1.303435445,0.508455059,287.1786591,973.7931136,37.41282728,1.646801401,2.598747433,7511.355762,11.81212262,0.423271521,0.185600248,127.8242573,458.8336467,9.322980712,304,male,meat,30-39
4,meat50-99_male_40-49,6.414574007,9.739401706,17448.44526,34.22671089,1.30049613,0.498085087,274.1687019,884.9929903,36.55293673,1.423281662,2.527798475,7049.032398,11.06006678,0.369126782,0.173782338,121.2047491,348.3302605,7.867632738,663,male,meat,40-49
4,meat50-99_male_50-59,6.459264607,9.266656814,17564.69574,31.44684156,1.290690112,0.504349247,262.7827623,919.9193626,35.83465103,1.503030547,2.443717442,6637.993525,9.519081139,0.372958165,0.166939193,112.8331195,365.5611728,8.032646383,671,male,meat,50-59
4,meat50-99_male_60-69,6.569560436,9.366628552,17806.58131,30.3931301,1.323856618,0.519174451,270.4844971,924.8637539,35.60926441,1.519601833,2.216741176,6730.467041,8.326900997,0.366427278,0.196542249,129.9772244,412.3198819,7.694222448,634,male,meat,60-69
4,meat50-99_male_70-79,6.689175901,9.667046964,17575.71682,30.24479279,1.362807159,0.540295718,266.7206254,965.9071851,35.02371632,1.487653752,2.177955236,6396.420022,7.273220515,0.372774127,0.168396276,101.5726092,384.8731164,7.258188099,231,male,meat,70-79
4,vegan_female_20-29,2.294820451,4.153608873,11011.40755,8.648989074,0.157358235,0.209731824,111.884209,569.1841067,8.639624385,0.875451163,1.387953486,6226.30281,3.015216822,0.146626469,0.117826486,85.53737435,531.5911502,3.633718388,487,female,vegan,20-29
4,vegan_female_30-39,2.474800651,4.371710949,11210.71983,9.096178847,0.178229063,0.232313575,127.7221456,635.6297758,8.987583547,0.987851682,1.465845411,6291.224383,3.436546909,0.184207241,0.138737437,102.5801847,579.6488774,3.673362265,376,female,vegan,30-39
4,vegan_female_40-49,2.460332242,4.625808076,12045.46873,9.357332928,0.173311383,0.224977476,109.3752843,702.8958401,9.78288655,0.927250035,1.593440858,8403.553718,3.404684715,0.162999009,0.109939343,68.51352883,781.6877137,4.523708499,219,female,vegan,40-49
4,vegan_female_50-59,2.400205368,4.504425189,12003.97287,9.137444086,0.161853559,0.229535207,125.1079327,546.1066671,9.597690892,0.855915032,1.684260159,8167.371519,3.284777004,0.166666606,0.121107205,95.15119905,376.2332492,4.168827965,106,female,vegan,50-59
4,vegan_female_60-69,2.459200853,4.795591636,11364.44618,9.461740071,0.156547362,0.222486269,117.3497413,547.7818721,10.26137034,1.034941208,1.885350409,6535.42992,4.062173998,0.199689943,0.15652361,103.4379017,439.4976088,4.829460884,81,female,vegan,60-69
4,vegan_female_70-79,2.764009767,4.905922988,11327.09935,9.738574349,0.218801795,0.252958841,129.4385098,728.4764136,10.22166406,1.446172066,2.130620708,5205.868722,4.415126692,0.231788648,0.161540697,122.1712032,549.6862941,5.153943249,25,female,vegan,70-79
4,vegan_male_20-29,2.699253716,5.13850438,11698.41225,11.22827071,0.168026737,0.222871289,119.8668183,615.8355074,10.60389822,1.166984113,3.277567755,7049.252496,20.62504088,0.264930774,0.126811064,115.6701858,479.6648279,10.57588459,198,male,vegan,20-29
4,vegan_male_30-39,2.668554734,4.641458594,11362.52991,9.292711137,0.166592685,0.23015868,129.3218318,620.0412408,9.772216703,1.054902572,1.50226181,6228.075599,3.016515745,0.148468959,0.1477569,110.4246564,530.3143699,3.667875691,251,male,vegan,30-39
4,vegan_male_40-49,2.66848173,4.830897112,11157.8111,9.414654328,0.174194975,0.245662752,139.0471599,665.848949,9.748484257,1.128822131,1.700011068,6044.442117,3.316870815,0.191158018,0.182502929,131.0596293,668.1008011,4.071864583,165,male,vegan,40-49
4,vegan_male_50-59,2.424833205,4.655584312,11152.5314,9.474291878,0.161269267,0.219634011,122.847987,519.2614061,9.503867614,0.81923833,1.750634066,5004.427144,3.363283114,0.162663254,0.156451544,105.2824368,324.9813316,2.962359318,62,male,vegan,50-59
4,vegan_male_60-69,2.440610877,4.894529589,12143.53557,8.850127264,0.132770428,0.222474336,121.6304135,655.2983964,9.499019744,0.942759858,1.95133652,6671.158797,2.940805846,0.14184697,0.147784429,111.9999855,703.8656926,3.490349668,52,male,vegan,60-69
4,vegan_male_70-79,2.585422573,5.114576495,9725.95904,9.38931199,0.190749696,0.235546393,131.1925479,655.4721337,9.860106323,0.777974358,1.852403311,3404.766708,2.885179669,0.20771317,0.113460048,75.99121319,528.6827131,4.883637291,19,male,vegan,70-79
4,veggie_female_20-29,3.643632002,5.338055787,16731.97069,14.6944578,0.759445482,0.332384405,172.1258034,630.4722416,18.37686772,1.250526187,1.754767419,7469.922062,5.373251578,0.347549454,0.163998022,103.9727121,330.6999537,7.081596477,3752,female,veggie,20-29
4,veggie_female_30-39,3.714588602,5.425652277,16812.47371,14.55379357,0.754799524,0.329773637,175.4217573,659.1287035,18.69159029,1.278605269,1.739563088,7302.986486,4.745282085,0.362886746,0.165390483,111.0123134,330.0241478,7.042019482,3634,female,veggie,30-39
4,veggie_female_40-49,3.715882038,5.460633663,17230.53367,14.51590567,0.754400421,0.331587931,172.4762526,671.6157889,18.97968223,1.299323017,1.757877804,7548.998295,4.752153992,0.373458918,0.176217467,115.6974429,343.6443508,7.325465852,2696,female,veggie,40-49
4,veggie_female_50-59,3.721794889,5.494945625,17927.44099,14.43856202,0.75364138,0.339766743,172.9333386,685.3802235,19.24931124,1.3546537,1.808454221,8083.093106,4.715665379,0.393793701,0.191982893,129.7989686,375.3832221,7.438283832,1203,female,veggie,50-59
4,veggie_female_60-69,3.866763661,5.693005455,17531.92733,14.80495487,0.786110194,0.346391921,178.2769593,685.897939,19.82540356,1.353017289,1.81346191,7732.940866,4.763103987,0.387493318,0.186405749,121.9109779,426.6310264,7.378355736,536,female,veggie,60-69
4,veggie_female_70-79,3.958936517,5.97645168,17256.56022,15.06496761,0.779572255,0.35842333,183.4803776,639.0986925,20.05162686,1.33048044,1.825689735,7627.78671,4.740459429,0.370458355,0.168236995,115.4455364,312.3984918,7.478404944,289,female,veggie,70-79
4,veggie_male_20-29,4.160167204,6.060003966,16727.43653,16.28246267,0.823260233,0.346007105,184.0449798,661.5007997,20.82771305,1.483400587,1.894206576,7375.736553,5.633863389,0.406447058,0.154923183,106.7239171,302.3728035,8.46300862,646,male,veggie,20-29
4,veggie_male_30-39,4.110275845,5.988161249,16452.63056,15.71227453,0.780708515,0.333651082,182.0523877,667.8243829,20.5956094,1.464282982,1.867663359,7702.010453,5.425362531,0.403603125,0.15028992,103.6246746,390.0092419,8.549098156,1221,male,veggie,30-39
4,veggie_male_40-49,3.990777074,5.973850479,15905.00296,15.2356227,0.745795182,0.331661186,180.3136651,668.7215932,19.72192283,1.478470473,2.007468436,6856.318998,5.593264155,0.393507207,0.179770766,124.9466623,332.6921417,7.981517861,961,male,veggie,40-49
4,veggie_male_50-59,3.893819981,5.873183164,16047.79311,14.79845965,0.721618205,0.33357039,182.1331711,614.863443,19.22125191,1.380712445,1.879157287,6860.468797,5.167119271,0.385382609,0.170563533,121.9221397,303.3799354,7.619254986,426,male,veggie,50-59
4,veggie_male_60-69,3.93150662,6.112765737,16196.96103,14.92670393,0.734540854,0.353666473,189.7092867,651.2760978,19.24934892,1.443983803,2.031329519,6957.095206,5.008550768,0.395158384,0.196319545,146.4353553,558.1802735,7.387938629,229,male,veggie,60-69
4,veggie_male_70-79,4.212493105,6.348666636,16766.06598,15.83741131,0.804248148,0.386379784,211.2763278,622.7281193,20.29136075,1.648517434,1.975248385,7578.457835,5.549936365,0.431454017,0.205901604,147.872085,313.6939744,8.046305614,158,male,veggie,70-79
5,fish_female_20-29,4.485695612,6.111953673,12487.77659,22.93997912,0.757036838,0.341590875,269.1141508,533.7504753,22.44864737,1.529469424,2.579699811,4940.848045,7.425183464,0.346418867,0.127906699,117.168565,196.2013511,7.872333301,1329,female,fish,20-29
5,fish_female_30-39,4.608548635,6.277737467,12127.62949,23.47765601,0.767918773,0.350175603,292.6029587,514.5747209,23.18712337,1.453428655,2.415346475,4662.346723,7.578019346,0.327801786,0.123136582,120.0536352,184.0180411,7.615896771,2024,female,fish,30-39
5,fish_female_40-49,4.624273133,6.341083717,12239.42314,23.3112735,0.776518672,0.362877332,309.7198692,502.1251805,23.35497819,1.418634842,2.051720335,4917.066314,7.246005898,0.334937598,0.131940304,135.373777,182.1790091,7.687157643,1689,female,fish,40-49
5,fish_female_50-59,4.67519768,6.392754684,13151.81148,23.70443277,0.764791182,0.380412198,311.290192,518.821296,23.65547207,1.52973162,2.377170092,5660.934583,8.477088332,0.338839817,0.144296219,127.5122071,205.9227435,8.105753525,946,female,fish,50-59
5,fish_female_60-69,4.770143779,6.725655773,13795.52545,24.22559434,0.799945077,0.38143889,319.6834266,537.7884355,24.51468737,1.565356514,2.511743774,5493.893761,8.154974414,0.362438544,0.130164387,135.3244217,208.854885,8.275130057,492,female,fish,60-69
5,fish_female_70-79,4.589607449,6.748900852,13282.44004,23.19358484,0.764445662,0.37381194,306.5006275,521.1825537,23.44323583,1.39535224,2.005721494,5784.495126,7.432128609,0.303991432,0.136838227,134.4170666,205.3764239,7.756227038,195,female,fish,70-79
5,fish_male_20-29,5.307941034,7.099465231,13387.76432,27.61106023,0.853967439,0.370613087,307.8151474,596.8685924,26.30864772,1.6214993,2.34981739,5957.022104,10.92616594,0.353544868,0.139660008,136.086168,232.8208284,8.461019647,163,male,fish,20-29
5,fish_male_30-39,5.009508254,6.793982478,12989.30661,25.65257158,0.789764888,0.361545055,307.6012466,569.2671594,24.84315053,1.546523524,2.276149462,5175.742485,8.572012372,0.344434598,0.127512326,133.384062,223.3550776,8.123025482,412,male,fish,30-39
5,fish_male_40-49,4.950657747,6.781393599,12199.85781,25.10384092,0.785306042,0.3563455,304.0990418,535.9046367,24.24821784,1.603433184,2.801247094,4525.27715,9.43417866,0.340106516,0.120979688,128.2564296,191.9113723,8.444009295,432,male,fish,40-49
5,fish_male_50-59,4.943008495,6.609496628,12956.77393,24.61073405,0.781362208,0.369937139,319.795558,547.5241829,24.4426247,1.516375436,1.904851466,5338.728206,8.042151965,0.334765156,0.122572313,122.9656066,210.1206647,8.242334158,214,male,fish,50-59
5,fish_male_60-69,4.854020884,7.066260485,12958.29532,24.36293825,0.79216593,0.364920634,320.2060615,537.5170111,24.20012592,1.92789234,3.793435537,5273.674724,9.255650715,0.433178572,0.145388389,146.2559413,211.7346424,9.158286722,159,male,fish,60-69
5,fish_male_70-79,4.861294287,7.322997733,14467.36478,24.70978181,0.79699285,0.386383147,306.7951671,573.4655945,24.58554253,1.594672588,2.402015476,6273.08426,9.58787295,0.358661379,0.138904365,119.3819832,259.4703981,7.51738324,68,male,fish,70-79
5,meat <50_female_20-29,5.058147964,8.235499579,12948.66191,24.20337591,0.928465376,0.403079846,277.6842047,534.8775325,24.11246295,1.506130701,3.089951949,4856.515743,7.177169944,0.333889897,0.132704011,122.2743496,184.2617709,7.422691668,764,female,meat50,20-29
5,meat <50_female_30-39,5.225272961,8.306574092,12975.27004,24.92222798,0.948009869,0.408237606,297.388806,533.4507337,25.17758581,1.597052147,3.027125618,4768.796556,7.521525018,0.35188866,0.136422329,126.5872326,175.3495499,7.963160194,1483,female,meat50,30-39
5,meat <50_female_40-49,5.423054991,8.805962648,13133.46886,25.27263509,0.99697264,0.429029082,311.8925505,533.6488537,25.66894444,1.503347287,3.251065934,4668.408331,6.968857737,0.342631004,0.131108747,126.752421,170.9684968,7.309619219,2093,female,meat50,40-49
5,meat <50_female_50-59,5.542580206,9.063962093,14120.38695,25.60943888,1.027374442,0.443677938,312.2075546,555.9500703,26.57988314,1.497896885,3.381191998,5283.445524,6.933495079,0.342529849,0.130193778,124.5893368,186.5728809,7.386589406,1698,female,meat50,50-59
5,meat <50_female_60-69,5.612507777,9.203343735,14420.52758,25.98214009,1.064507972,0.44723708,317.5329724,562.2732797,27.31065443,1.491535108,3.339480552,5110.934131,7.019091648,0.338636274,0.127777722,122.5640863,176.7050163,7.441761954,1047,female,meat50,60-69
5,meat <50_female_70-79,5.526109421,9.196978558,14217.04607,25.53188636,1.05592561,0.435689395,308.8902394,547.8243943,26.98199633,1.614299209,3.616662111,5090.929037,7.334753424,0.370837115,0.128065738,115.8624777,180.5197983,7.988081481,381,female,meat50,70-79
5,meat <50_male_20-29,5.509636726,9.011585373,13004.24243,25.9567194,1.022298346,0.40879234,301.2465947,558.0311235,25.92295329,1.476198399,3.045963491,4284.405132,7.672798125,0.332033938,0.109942707,132.6793658,183.6557707,8.00655519,131,male,meat50,20-29
5,meat <50_male_30-39,5.696854458,8.93734397,13539.08924,27.09116534,1.025178219,0.422124616,320.6429419,577.1402754,27.1532873,1.699962677,3.1637035,5953.443907,8.78320235,0.371424324,0.138377545,130.2655653,231.7039784,8.553551025,370,male,meat50,30-39
5,meat <50_male_40-49,5.698098106,9.103183441,13050.40391,26.24776506,1.032479442,0.421366711,315.5048038,555.7096114,26.87437225,1.586885938,3.251030768,4817.986837,7.378540655,0.366577203,0.118823383,127.7363036,180.1916812,7.95274633,448,male,meat50,40-49
5,meat <50_male_50-59,5.755902949,9.38574612,13426.9953,26.18427583,1.062164973,0.444000087,332.3687588,558.6192631,27.21475205,1.49190732,3.192634161,4415.862922,6.400358922,0.361302187,0.127468795,137.6683395,161.2379116,7.277767056,410,male,meat50,50-59
5,meat <50_male_60-69,5.692846957,9.660447127,13754.45156,26.21737567,1.055823551,0.435669377,317.8975926,564.2992696,27.10148028,1.62735248,3.581203003,4825.18204,8.121148882,0.345029636,0.127564245,130.6780165,191.7570843,7.693662554,364,male,meat50,60-69
5,meat <50_male_70-79,5.778075749,9.793015625,14711.95669,26.45390686,1.095649142,0.442204043,310.4027358,585.7467755,28.0415951,1.602596311,3.681985469,5144.606128,6.450018031,0.346225792,0.115685474,122.9495284,192.0283066,7.754094272,143,male,meat50,70-79
5,meat 100+_female_20-29,10.4480551,24.22440506,20021.20365,40.32891518,2.088007044,0.811828915,333.1708557,790.8701457,41.12062684,3.939960983,13.31370526,5908.775646,11.66316236,0.855514614,0.24943267,136.1611092,218.9994575,10.9505808,393,female,meat100,20-29
5,meat 100+_female_30-39,10.88958777,25.61152946,18955.49383,41.21305567,2.162695445,0.825891612,357.9772103,755.8039281,42.37666829,4.029710863,13.96582922,5005.22813,11.85795609,0.847620039,0.244080137,120.7203498,195.170091,11.08526177,778,female,meat100,30-39
5,meat 100+_female_40-49,12.08765302,29.84187052,18815.11332,43.14213927,2.432526639,0.890914583,388.4130281,744.888981,44.98534105,4.350650751,15.23162085,5275.790412,12.02482916,0.914904555,0.256684861,124.1419308,198.8628773,11.39555733,1935,female,meat100,40-49
5,meat 100+_female_50-59,12.50283217,31.22977278,19297.648,44.18786567,2.521376324,0.91542953,391.1120182,754.6562785,46.54906822,4.21138914,14.89504763,5620.163294,11.28899753,0.886970073,0.247649712,126.9623287,197.4297624,11.1990056,1753,female,meat100,50-59
5,meat 100+_female_60-69,12.38400032,31.07793683,19755.1514,44.15615522,2.506766114,0.90040577,388.3338559,756.8300649,46.69145302,4.94249192,17.60779487,5889.980413,13.10316588,1.007984541,0.277073504,123.5121754,206.4242455,12.19411482,843,female,meat100,60-69
5,meat 100+_female_70-79,12.84139512,32.82892241,19474.42069,45.12042518,2.655274061,0.919360569,384.3983111,754.8048406,48.21431226,5.87535547,20.53853183,5851.705756,14.05702687,1.276528289,0.318285574,113.3969349,207.3165721,14.70857749,274,female,meat100,70-79
5,meat 100+_male_20-29,12.27485636,28.60369966,21655.37548,47.47525322,2.547672844,0.930145208,370.4988934,891.8495099,47.74571859,4.741563016,15.99140245,6920.585243,14.94971713,1.022909917,0.310222248,135.8149154,272.8189517,13.89808668,132,male,meat100,20-29
5,meat 100+_male_30-39,11.62210714,27.19599076,20086.34027,44.29763623,2.334351601,0.879372866,374.5342159,823.241651,44.09058725,4.678447555,16.04266247,6073.265621,12.73128227,1.015158824,0.289483711,134.020057,231.7112806,12.35569918,260,male,meat100,30-39
5,meat 100+_male_40-49,12.17766772,29.5415743,18670.19368,44.6516952,2.455426409,0.889638833,376.6662381,766.348758,45.2627568,4.165730425,14.45550306,5278.3472,12.06536809,0.871433939,0.243865929,116.3823266,198.8009802,11.36911366,616,male,meat100,40-49
5,meat 100+_male_50-59,12.49449314,30.60229019,19075.21251,45.43058604,2.519821364,0.896165209,385.2452933,779.7841216,46.78600631,4.455891027,15.47989679,5296.566207,12.39917858,0.944065151,0.268133693,124.8933083,200.448771,11.9566141,591,male,meat100,50-59
5,meat 100+_male_60-69,12.13983341,29.86517151,19241.23472,45.10180378,2.478954185,0.883385222,382.1683983,769.1538539,46.29294899,4.336090172,15.34604318,5247.704168,12.45666209,0.887696925,0.248431149,124.9161068,197.2628251,11.46683774,543,male,meat100,60-69
5,meat 100+_male_70-79,13.03093733,33.34831427,19573.20067,46.79475131,2.661805669,0.920344685,373.7584095,792.3598282,48.46869214,5.874425888,21.47744376,5563.684703,13.78076465,1.199501584,0.305740553,105.5227122,207.9622204,13.71842357,168,male,meat100,70-79
5,meat50-99_female_20-29,6.728184732,12.56506654,15880.07069,29.93050549,1.282659816,0.53982316,293.7226391,647.1366779,29.9812216,1.951559647,5.871840052,4884.799565,7.708410209,0.45433198,0.143860685,121.7905322,186.8985572,7.661444318,669,female,meat,20-29
5,meat50-99_female_30-39,7.017372021,13.38508635,15609.82167,30.42299788,1.353691691,0.554855035,319.5759618,630.9799903,30.89532791,2.107835979,6.602076596,4696.696552,7.682425549,0.468672794,0.147348431,119.6238499,177.5016521,7.581843849,1350,female,meat,30-39
5,meat50-99_female_40-49,7.536054828,15.03062263,15774.15638,31.27327333,1.464867249,0.588776919,334.2448421,631.6273091,32.42100986,2.264151153,7.415073956,4915.664985,7.677595722,0.494964587,0.151826492,118.2691829,174.1918785,7.756110173,2710,female,meat,40-49
5,meat50-99_female_50-59,7.686613637,15.41827194,16203.02548,31.66911803,1.496297197,0.600570699,339.6262392,633.7009842,33.22315817,2.494323125,8.367670859,5008.43514,7.65592072,0.538904932,0.156451668,118.1994665,170.7526908,7.912805346,2682,female,meat,50-59
5,meat50-99_female_60-69,7.480445507,14.82573799,17047.41417,31.6917678,1.467096008,0.589263745,333.1431235,653.7666939,33.37279279,2.342599717,7.858889533,5434.426489,7.648300581,0.501015375,0.15223451,124.1280098,181.6289329,7.75285997,1456,female,meat,60-69
5,meat50-99_female_70-79,7.570910426,15.59067388,16808.32462,32.08920276,1.488955196,0.588826027,337.4524292,648.5351808,33.29550342,2.577395912,8.757303722,5387.191326,7.544268396,0.560021827,0.155873421,123.1548232,181.256091,8.306406264,450,female,meat,70-79
5,meat50-99_male_20-29,7.148815929,12.66453534,16775.10099,32.04445602,1.356502184,0.544496657,313.1015355,700.3992965,32.11442375,1.803886587,5.129417093,5637.583724,8.118830489,0.419574799,0.14392038,137.9781907,211.8385,8.288503939,151,male,meat,20-29
5,meat50-99_male_30-39,7.444373235,13.62062558,16133.43321,32.77785434,1.432739492,0.578657816,347.0388526,682.4332003,32.90303649,2.079014069,5.91299606,5141.695488,8.528870324,0.475792367,0.149024302,129.3071673,201.9217924,8.884738275,304,male,meat,30-39
5,meat50-99_male_40-49,7.852270173,15.52995671,15654.56193,32.50843399,1.510583515,0.591992223,342.3436114,652.5530436,33.46935709,2.3312473,7.423265941,4766.273965,7.89321078,0.48808782,0.142629759,127.9649554,179.3108017,8.230266884,663,male,meat,40-49
5,meat50-99_male_50-59,7.8061332,15.70449756,16023.19754,32.45860161,1.510590481,0.59031336,333.6103937,660.6396999,33.37706606,2.456956514,8.066252654,5138.899901,7.93423509,0.531267897,0.152159615,115.1245201,188.0977929,8.229750363,671,male,meat,50-59
5,meat50-99_male_60-69,7.808567111,16.03077191,16152.96857,32.75678325,1.520420158,0.583816917,330.6589103,660.6823302,34.03727907,2.451739001,8.143317115,5092.087813,8.00694605,0.512982404,0.155370335,120.4154746,186.5930174,8.090120488,634,male,meat,60-69
5,meat50-99_male_70-79,8.007112787,17.22433569,16283.89008,32.97457967,1.585166164,0.590103396,314.9737084,662.5014296,33.99251809,2.682859492,9.557861569,5303.676538,7.743146915,0.574152521,0.155142427,96.02799681,182.670696,8.138188893,231,male,meat,70-79
5,vegan_female_20-29,2.320000271,4.373582796,6479.034477,13.52204292,0.13693836,0.224775662,215.061667,211.5263139,10.89017462,0.890657174,1.552558715,3134.796307,6.619818203,0.114126111,0.085021744,126.1323476,93.84638449,4.800997102,487,female,vegan,20-29
5,vegan_female_30-39,2.508330405,4.702781373,6550.942568,14.74307427,0.150892123,0.241286925,245.3847057,209.5560648,11.60676983,0.94913614,1.55622204,2787.168317,7.332825488,0.132346299,0.093306963,142.3680861,90.40498053,4.843114129,376,female,vegan,30-39
5,vegan_female_40-49,2.732398951,5.045060732,7275.826982,16.06034051,0.181622311,0.266282132,247.7907838,224.2217526,12.85844309,1.098482594,1.9140799,4620.256889,9.263490482,0.15776025,0.1016894,134.5352216,115.9036711,5.994456967,219,female,vegan,40-49
5,vegan_female_50-59,2.492146254,4.94817736,7561.466614,13.74050889,0.152096234,0.254041609,262.3920565,224.5603532,11.69601373,0.863381014,2.006037559,4088.22304,5.235895012,0.141894778,0.09141057,167.8661815,101.9986424,4.827550276,106,female,vegan,50-59
5,vegan_female_60-69,2.588410427,5.426350289,8052.158065,14.37476905,0.153714053,0.260181731,276.2832187,232.8460291,12.37645226,1.049409888,2.164205524,4085.585077,6.588565636,0.142204036,0.099720075,175.3437215,106.1518157,5.498190407,81,female,vegan,60-69
5,vegan_female_70-79,2.802692305,5.157521784,8583.36023,16.14468425,0.18979889,0.270015516,240.61638,250.0558451,13.37682881,1.164585159,1.917505097,3887.880738,7.967639522,0.169314115,0.10883897,113.067016,127.065053,6.606166888,25,female,vegan,70-79
5,vegan_male_20-29,2.725595453,5.23753516,7749.218594,15.54095719,0.160575988,0.256239469,252.4682055,248.5910348,12.93278001,1.162278002,2.226283406,3828.528764,6.606959679,0.262190341,0.122862111,155.7015905,124.8063093,5.509883222,198,male,vegan,20-29
5,vegan_male_30-39,2.657818385,4.937026387,7030.345474,15.0756709,0.147600395,0.24455708,255.7945167,213.5715116,12.52602005,0.951134665,1.603293979,3311.413869,6.928624668,0.093350161,0.093174717,149.9510434,90.31006617,4.809652475,251,male,vegan,30-39
5,vegan_male_40-49,2.742599472,5.141498093,7021.558763,15.81193381,0.155233573,0.258569476,271.0336089,221.8957395,12.61294775,1.023094336,1.695587957,3000.76128,8.176489354,0.121268712,0.101949485,144.6053708,93.77051467,5.22960628,165,male,vegan,40-49
5,vegan_male_50-59,2.509712679,5.05624756,6665.682733,13.84936101,0.147207948,0.243241699,276.4854056,215.6886815,11.70834266,0.831383853,1.653279073,2618.38046,5.52387502,0.105581054,0.091095495,160.7935661,89.11952447,3.688907987,62,male,vegan,50-59
5,vegan_male_60-69,2.361623008,5.285553457,8132.609587,14.60695465,0.104411076,0.234212142,260.6496834,228.243385,12.74138121,0.816344277,1.829329205,5641.935033,7.592492725,0.067171333,0.089302835,147.7928756,114.1959754,4.323584882,52,male,vegan,60-69
5,vegan_male_70-79,2.700297874,5.107885296,7287.236182,15.65621672,0.141900039,0.239639221,223.800587,202.6941325,13.22318197,0.976615755,1.888740137,3064.243202,5.781458979,0.126402744,0.073944347,112.0131801,91.18765097,5.022909542,19,male,vegan,70-79
5,veggie_female_20-29,3.944586895,5.817052033,9861.682585,18.75019775,0.690726888,0.306978442,264.0638299,375.0554454,20.20710071,1.345902021,2.276200349,4105.184204,6.063657713,0.314424906,0.118227419,122.1642721,129.8180905,7.397208554,3752,female,v